text,intent
I want to know: hey there,GREETING
Please check the data quality of orders.,DATA_QUALITY
Could you find the average product rating.,AVERAGE
Please rank products by rating.,RANKING
Can you check the data quality of orders.,DATA_QUALITY
Can you what is the ratio between product reviews and products?,RATIO
Show the bottom 5 orders by amount.,BOTTOM_N
I want to know: what percentage of customers are from Delhi?,PERCENTAGE
Please show orders from January.,DATE_FILTER
Could you which customer accounts for the largest share of spending?,SHARE
Can you list every product with reviews if available.,LEFT_JOIN
Please hi QueryPilot,GREETING
I want to know: hello there?,GREETING
I want to know: sort orders by date.,SORT
Could you analyze the distribution of review ratings.,DISTRIBUTION
I want to know: list every customer and their orders if they have any.,LEFT_JOIN
Show the bottom 50 customers by number of orders.,BOTTOM_N
Find orders above 1000.,FILTER
Show orders from last month.,FILTER
Can you show the structure of products.,TABLE_INFO
Could you hello,GREETING
Which orders have no items?,NOT_EXISTS
I want to know: find orders with amounts greater than the average order amount.,SUBQUERY
Please how are customers and orders related?,RELATIONSHIP_INFO
Could you tell me about the database structure.,SCHEMA_INFO
Can you find customers whose spending is above the average customer spending.,SUBQUERY
I need to know: calculate yearly order totals.,DATE_AGGREGATION
I want to know: show products priced below 500.,FILTER
I want to know: describe the orders table.,TABLE_INFO
I need to know: show each product's contribution to total revenue.,CONTRIBUTION
Can you show products ordered by rating.,SORT
I need to know: what entities are stored in the database?,SCHEMA_INFO
I need to know: identify duplicate entries in the database.,DUPLICATE_CHECK
I need to know: update every customer record.,UNSUPPORTED_REQUEST
Please show customers from Pune.,FILTER
I need to know: what is the number of order records?,COUNT
I need to know: how are orders and order items related?,RELATIONSHIP_INFO
I want to know: how are orders distributed by amount?,DISTRIBUTION
Could you calculate the ratio of high rated products to all products.,RATIO
I want to know: analyze the change in sales over time.,TREND
Please calculate the average order value.,AVERAGE
I want to know: what percentage of reviews have a rating above 4?,PERCENTAGE
Could you how many order records are there?,COUNT
How are product prices distributed?,DISTRIBUTION
Could you what is the number of customer records?,COUNT
Could you how are products and reviews related?,RELATIONSHIP_INFO
Show the top 20 orders by amount.,TOP_N
I need to know: give me the top 20 products with the most reviews.,TOP_N
Please show the number of orders for each customer.,GROUP_BY
I want to know: show orders from highest amount to lowest.,SORT
Can you show all unique customer locations.,DISTINCT
I need to know: show customers whose total spending exceeds 10000.,HAVING
Delete all reviews.,UNSUPPORTED_REQUEST
Please what columns are in the order_items table?,TABLE_INFO
I want to know: group customers by orders and show groups with more than 10 orders.,HAVING
Find orders placed this month.,DATE_FILTER
I want to know: drop the customers table.,UNSUPPORTED_REQUEST
Could you sort products by rating.,SORT
I need to know: show customers who have placed an order.,EXISTS
Could you what is the ranking of products by price?,RANKING
Please show customers with at least 10 orders.,HAVING
Please which tables can be joined with products?,RELATIONSHIP_INFO
Show products without reviews.,NOT_EXISTS
Could you find orders that contain order items.,EXISTS
I want to know: hello?,GREETING
Could you show the top 3 orders by amount.,TOP_N
Please what is the number of order records?,COUNT
Can you show the bottom 50 products by price.,BOTTOM_N
Show all products including products without reviews.,LEFT_JOIN
Can you how are orders changing over time?,TREND
Can you change the database password.,UNSUPPORTED_REQUEST
I need to know: which ratings have more than 100 reviews?,HAVING
I need to know: show the complete customer order history with products.,MULTI_TABLE_JOIN
I need to know: what is the ratio of orders to customers?,RATIO
Can you are there duplicate products?,DATA_QUALITY
Check the data quality of orders.,DATA_QUALITY
Please what percentage of customers are from Delhi?,PERCENTAGE
asdfgh,INVALID_QUERY
Can you i don't know what to ask,INVALID_QUERY
Can you list customers from Mumbai.,FILTER
Please show the bottom 3 customers by spending.,BOTTOM_N
Could you show me the database schema.,SCHEMA_INFO
I need to know: what is the total number of products?,COUNT
Can you identify duplicate entries in the database.,DUPLICATE_CHECK
I need to know: modify the database configuration.,UNSUPPORTED_REQUEST
Please something random?,INVALID_QUERY
Please show all orders including orders without order items.,LEFT_JOIN
I want to know: how many product records are there?,COUNT
Could you calculate the percentage of orders from this month.,PERCENTAGE
Could you show products priced above the average product price.,SUBQUERY
Show the top 3 products by price.,TOP_N
I want to know: what share of total sales comes from each customer?,SHARE
I want to know: give me a breakdown of orders by customer.,GROUP_BY
I need to know: compare sales between two periods.,COMPARISON
I need to know: how many product records are there?,COUNT
I want to know: order customers by their total spending.,SORT
Please show all customers including those without orders.,LEFT_JOIN
Which customers have written reviews?,JOIN
What is the growth in sales?,GROWTH
Could you which products have reviews?,EXISTS
Please compare sales between two periods.,COMPARISON
I want to know: how many product reviews are there?,COUNT
Show orders from September.,DATE_FILTER
I want to know: show the top 50 customers by number of orders.,TOP_N
I want to know: this is not a database question?,INVALID_QUERY
Could you which orders have order items?,EXISTS
Can you show the top 20 products by price.,TOP_N
Can you what is the total value of all orders?,SUM
Could you show each product's contribution to total revenue.,CONTRIBUTION
I want to know: which products contribute most to total sales?,CONTRIBUTION
I want to know: show the bottom 5 products by rating.,BOTTOM_N
I want to know: show the bottom 50 customers by number of orders.,BOTTOM_N
List customers from Pune.,FILTER
Could you identify repeated customer records.,DUPLICATE_CHECK
What is the minimum customer spending?,MINIMUM
I need to know: what is the average product rating?,AVERAGE
I need to know: what columns are in the customers table?,TABLE_INFO
Please show all products including products without reviews.,LEFT_JOIN
Please what is the ratio of reviews to products?,RATIO
Please show the bottom 3 orders by amount.,BOTTOM_N
Could you which customers have written reviews?,JOIN
Can you check the data quality of order items.,DATA_QUALITY
Please what share of revenue comes from each product?,SHARE
Can you show products along with their orders and customers.,MULTI_TABLE_JOIN
Find orders above 5000.,FILTER
Please what is the highest product rating?,MAXIMUM
Can you show the bottom 5 customers by spending.,BOTTOM_N
Can you this is not a database question,INVALID_QUERY
I want to know: show the trend in sales over time.,TREND
I need to know: how did revenue change between months?,CHANGE_OVER_TIME
Please tell me about the database structure.,SCHEMA_INFO
List customers from Kolkata.,FILTER
I need to know: what is the lowest product price?,MINIMUM
Can you what is the total order amount?,SUM
Can you group customers by orders and show groups with more than 10 orders.,HAVING
Please find products priced above 5000.,FILTER
I want to know: find orders without order items.,NOT_EXISTS
Please check customers for duplicate records.,DUPLICATE_CHECK
Can you how are orders and order items related?,RELATIONSHIP_INFO
I need to know: show monthly sales trends.,TREND
Please what is the total value of all orders?,SUM
I want to know: show the complete customer order history with products.,MULTI_TABLE_JOIN
Can you compare the performance of two products.,COMPARISON
Show the top 10 products by rating.,TOP_N
Can you show orders with customer information.,JOIN
I need to know: what different product categories exist?,DISTINCT
I want to know: show monthly sales trends.,TREND
Could you compare order amounts between two periods.,COMPARISON
I need to know: find orders placed last month.,DATE_FILTER
Could you show average order amount by month.,DATE_AGGREGATION
Can you asdfgh?,INVALID_QUERY
I need to know: show orders from this month.,DATE_FILTER
Could you show the top 50 customers by number of orders.,TOP_N
How many product reviews exist?,COUNT
I need to know: calculate total order value for each customer.,GROUP_BY
Please give me a breakdown of orders by customer.,GROUP_BY
Show the top 50 customers by number of orders.,TOP_N
Please show orders from this month.,DATE_FILTER
Please random words,INVALID_QUERY
Please find orders with amounts greater than the average order amount.,SUBQUERY
I need to know: which group has higher sales?,COMPARISON
Show customers from Mumbai.,FILTER
Please find the smallest order amount.,MINIMUM
I want to know: find orders above the average order amount.,SUBQUERY
I want to know: what is the number of product records?,COUNT
Could you which products have never received a review?,NOT_EXISTS
Show sales by month.,DATE_AGGREGATION
Can you which ratings have more than 100 reviews?,HAVING
Modify the database configuration.,UNSUPPORTED_REQUEST
Please how much have orders grown?,GROWTH
I want to know: give me the top 3 products with the most reviews.,TOP_N
I want to know: show distinct product categories.,DISTINCT
I need to know: find the highest order value.,MAXIMUM
Could you show products ordered by each customer.,MULTI_TABLE_JOIN
I want to know: how are products and order items related?,RELATIONSHIP_INFO
Could you show sales growth compared with the previous period.,GROWTH
I want to know: show total sales by product.,GROUP_BY
I need to know: show the bottom 10 products by price.,BOTTOM_N
Which group has higher sales?,COMPARISON
Please show products ordered by each customer.,MULTI_TABLE_JOIN
Show orders from December.,DATE_FILTER
I need to know: rank products by number of reviews.,RANKING
Can you calculate the growth in order value.,GROWTH
Can you show orders where information is unavailable.,NULL_CHECK
Could you what percentage of customers have placed orders?,PERCENTAGE
I want to know: calculate the proportion of customers with orders.,PERCENTAGE
Find orders from this year.,FILTER
Could you show the top 50 orders by amount.,TOP_N
What different product categories exist?,DISTINCT
Could you find the ratio of customers with orders to total customers.,RATIO
Can you show customers with their orders and order items.,MULTI_TABLE_JOIN
I need to know: which products have reviews?,EXISTS
How many items in the product catalog are there?,COUNT
Can you what is the minimum order amount?,MINIMUM
I want to know: show sales growth compared with the previous period.,GROWTH
List orders from this year.,FILTER
Could you what is the average customer spending?,AVERAGE
How are products and reviews related?,RELATIONSHIP_INFO
Can you how much have orders grown?,GROWTH
Please show orders with their order items.,JOIN
Show the structure of products.,TABLE_INFO
I need to know: how has revenue changed over time?,TREND
Something random,INVALID_QUERY
Please show product reviews with product information.,JOIN
I want to know: i don't know what to ask,INVALID_QUERY
Please i don't know what to ask?,INVALID_QUERY
Update every customer record.,UNSUPPORTED_REQUEST
Could you count all the orders.,COUNT
I need to know: what is the number of product records?,COUNT
I want to know: what is the average customer spending?,AVERAGE
I need to know: which tables can be joined with orders?,RELATIONSHIP_INFO
Could you hello?,GREETING
Please rank products by price.,RANKING
Can you show all distinct ratings.,DISTINCT
Can you show the number of reviews for each product.,GROUP_BY
Please rank customers by number of orders.,RANKING
I need to know: are there missing values in customers?,DATA_QUALITY
Please show all distinct ratings.,DISTINCT
Could you show orders from May.,DATE_FILTER
Please show the top 3 products by price.,TOP_N
I want to know: show customers with their orders.,JOIN
I want to know: check customers for duplicate records.,DUPLICATE_CHECK
I want to know: what percentage of customers have placed orders?,PERCENTAGE
Find orders from this month.,FILTER
Which products have reviews?,EXISTS
Which table is related to customers?,RELATIONSHIP_INFO
Give me a breakdown of orders by customer.,GROUP_BY
I want to know: show unique customer cities.,DISTINCT
Please what data tables are available?,SCHEMA_INFO
I need to know: how many orders have been placed?,COUNT
Can you show customers ordered by number of orders.,SORT
Could you show orders from newest to oldest.,SORT
Can you how has revenue changed over time?,TREND
I want to know: show products along with their orders and customers.,MULTI_TABLE_JOIN
What is the number of customer records?,COUNT
Could you what is the ratio of reviews to products?,RATIO
Could you list orders from this year.,DATE_FILTER
Please which products contribute most to total sales?,CONTRIBUTION
Can you calculate monthly order totals.,DATE_AGGREGATION
Please check the data quality of order items.,DATA_QUALITY
I want to know: how much has revenue increased?,GROWTH
Please what is the mean order amount?,AVERAGE
Please calculate each customer's share of total spending.,SHARE
Delete all customers.,UNSUPPORTED_REQUEST
Could you compare order totals across different periods.,CHANGE_OVER_TIME
Please show orders from April.,DATE_FILTER
"Please connect customers, orders, order items, and products.",MULTI_TABLE_JOIN
Can you which customers have placed orders?,JOIN
Could you what is the growth in sales?,GROWTH
Please order products by their price.,SORT
Can you show each product's contribution to total revenue.,CONTRIBUTION
Show the top 10 customers by number of orders.,TOP_N
Can you which tables can be joined with products?,RELATIONSHIP_INFO
I need to know: drop the customers table.,UNSUPPORTED_REQUEST
Describe the products table.,TABLE_INFO
I need to know: compare sales across two groups.,COMPARISON
Please which customers purchased which products?,MULTI_TABLE_JOIN
Please how are customers and reviews related?,RELATIONSHIP_INFO
Please list unique product categories.,DISTINCT
Show the bottom 20 orders by amount.,BOTTOM_N
Check the database for data quality problems.,DATA_QUALITY
Please show reviews grouped by rating.,GROUP_BY
Please delete all orders.,UNSUPPORTED_REQUEST
Please describe the customers table.,TABLE_INFO
Please what is the number of product records?,COUNT
Please how many unique customer cities are there?,DISTINCT
I want to know: which orders contain which order items?,JOIN
I need to know: find orders with amounts greater than the average order amount.,SUBQUERY
Can you which records have null values?,NULL_CHECK
Give me the product count.,COUNT
Can you which products appear in order items?,JOIN
Can you calculate the average order value.,AVERAGE
Could you describe the order_items table.,TABLE_INFO
I want to know: show the bottom 10 products by price.,BOTTOM_N
Can you delete all reviews.,UNSUPPORTED_REQUEST
Can you show all products whether or not they have reviews.,LEFT_JOIN
I want to know: show the bottom 20 orders by amount.,BOTTOM_N
Please good morning?,GREETING
I want to know: which products contribute the most to revenue?,CONTRIBUTION
Can you delete every product.,UNSUPPORTED_REQUEST
Could you show the bottom 50 customers by spending.,BOTTOM_N
I want to know: show all unique customer locations.,DISTINCT
Show the bottom 3 products by rating.,BOTTOM_N
Calculate the average price of products.,AVERAGE
Can you calculate each product's share of total sales.,SHARE
Can you which product has the largest share of sales?,SHARE
Please show period-over-period changes in revenue.,CHANGE_OVER_TIME
Please find the average review rating.,AVERAGE
Please list orders from this month.,DATE_FILTER
Can you analyze the change in sales over time.,TREND
Show customers from Pune.,FILTER
I need to know: check the data quality of orders.,DATA_QUALITY
Please calculate changes in order volume over time.,CHANGE_OVER_TIME
Could you list unique product categories.,DISTINCT
I want to know: find the highest order value.,MAXIMUM
Could you hello QueryPilot,GREETING
Can you what tables are in the database?,SCHEMA_INFO
List orders from this month.,DATE_FILTER
Could you show revenue by month.,DATE_AGGREGATION
Could you find the smallest order amount.,MINIMUM
Could you this is not a database question,INVALID_QUERY
Can you show the historical sales trend.,TREND
Could you show monthly order trends.,TREND
I want to know: what percentage of products are highly rated?,PERCENTAGE
Could you show all customers including those without orders.,LEFT_JOIN
Please show orders grouped by customer.,GROUP_BY
I want to know: find products that have no reviews.,NOT_EXISTS
I need to know: sort customers by number of orders.,SORT
Can you sort products by rating.,SORT
Can you find the lowest order value.,MINIMUM
Could you give me the top 3 products with the most reviews.,TOP_N
I want to know: what is the minimum customer spending?,MINIMUM
Could you find orders placed this month.,DATE_FILTER
Show orders grouped by year.,DATE_AGGREGATION
I need to know: list every product with reviews if available.,LEFT_JOIN
What percentage of products are highly rated?,PERCENTAGE
I need to know: give me a breakdown of reviews by product.,GROUP_BY
Can you show the top 10 orders by amount.,TOP_N
Compare the performance of two products.,COMPARISON
Please which customers have the highest spending?,SORT
Can you what is the total number of products?,COUNT
Can you calculate yearly order totals.,DATE_AGGREGATION
Could you show customers who have placed an order.,EXISTS
Can you what is the average product rating?,AVERAGE
Please list every order with its items if available.,LEFT_JOIN
I don't know what to ask,INVALID_QUERY
Can you how are products and order items related?,RELATIONSHIP_INFO
I want to know: list distinct customer cities.,DISTINCT
Could you find orders placed this year.,DATE_FILTER
Could you hi QueryPilot,GREETING
Could you what data tables are available?,SCHEMA_INFO
Can you rank customers by number of orders.,RANKING
Rank products by number of reviews.,RANKING
Please compare customer spending.,COMPARISON
Which orders have order items?,EXISTS
What is the ranking of products by price?,RANKING
Could you how much money was generated from orders?,SUM
Compare product ratings.,COMPARISON
I want to know: what is the ranking of products by price?,RANKING
Please show customer names with the products they purchased.,MULTI_TABLE_JOIN
I need to know: what is the ratio between product reviews and products?,RATIO
How are orders changing over time?,TREND
What is the ratio between product reviews and products?,RATIO
Could you show the bottom 50 customers by number of orders.,BOTTOM_N
Which customers contribute the most to total sales?,CONTRIBUTION
Could you which product has the lowest rating?,MINIMUM
Please hello QueryPilot,GREETING
I need to know: show all unique customer locations.,DISTINCT
qwerty?,INVALID_QUERY
I want to know: qwerty?,INVALID_QUERY
Please show the top 3 customers by spending.,TOP_N
Please show orders from May.,DATE_FILTER
Can you show orders from February.,DATE_FILTER
Can you describe the customers table.,TABLE_INFO
Can you show the bottom 20 customers by spending.,BOTTOM_N
I want to know: what columns are in the customers table?,TABLE_INFO
Could you which records have null values?,NULL_CHECK
I need to know: find orders placed this month.,DATE_FILTER
I want to know: compare order amounts between two periods.,COMPARISON
I want to know: give me the ranking of customers by spending.,RANKING
I want to know: what data tables are available?,SCHEMA_INFO
What is the average order amount?,AVERAGE
Can you which products have received reviews?,JOIN
Something random?,INVALID_QUERY
I need to know: are there duplicate product records?,DUPLICATE_CHECK
Could you find orders above 5000.,FILTER
I need to know: show all products whether or not they have reviews.,LEFT_JOIN
I need to know: give me something meaningless,INVALID_QUERY
Could you which ratings have more than 100 reviews?,HAVING
Please show the top 10 products by rating.,TOP_N
Give me the top 50 products with the most reviews.,TOP_N
Please calculate the proportion of customers with orders.,PERCENTAGE
Can you this does not make sense,INVALID_QUERY
Could you compare the performance of two products.,COMPARISON
Show the complete customer order history with products.,MULTI_TABLE_JOIN
Could you show the bottom 3 orders by amount.,BOTTOM_N
Find customers whose spending is above the average customer spending.,SUBQUERY
How many ordered products are there?,COUNT
Find customers from Hyderabad.,FILTER
I need to know: which customers have placed more than 10 orders?,HAVING
Can you show order totals by month.,DATE_AGGREGATION
I need to know: show orders where information is unavailable.,NULL_CHECK
I need to know: which products appear in order items?,JOIN
Please show orders with missing values.,NULL_CHECK
Could you find products that have no reviews.,NOT_EXISTS
I want to know: show the schema of the database.,SCHEMA_INFO
I need to know: what is the average product price?,AVERAGE
Could you find duplicate orders.,DUPLICATE_CHECK
Can you which product has the highest rating?,MAXIMUM
Could you show total sales by customer.,GROUP_BY
Show the bottom 20 products by rating.,BOTTOM_N
List products with low ratings.,FILTER
Could you rank customers by spending.,RANKING
I want to know: show products with more than 20 reviews.,HAVING
Could you show the top 5 orders by amount.,TOP_N
Please find the average product rating.,AVERAGE
I need to know: delete all customers.,UNSUPPORTED_REQUEST
Show customers ordered by spending.,SORT
Please which products have a rating above the average rating?,SUBQUERY
Please show customers with their orders and order items.,MULTI_TABLE_JOIN
Could you what different product categories exist?,DISTINCT
I need to know: show the historical sales trend.,TREND
Please compare product ratings.,COMPARISON
Please what entities are stored in the database?,SCHEMA_INFO
Could you list all available tables.,SCHEMA_INFO
I want to know: give me a data quality report.,DATA_QUALITY
Are there duplicate customer records?,DUPLICATE_CHECK
Show orders from highest amount to lowest.,SORT
I want to know: find duplicate orders.,DUPLICATE_CHECK
Please what is the average product price?,AVERAGE
Please group customers by orders and show groups with more than 10 orders.,HAVING
Can you show the bottom 20 customers by number of orders.,BOTTOM_N
Please show customers whose total spending exceeds the average.,SUBQUERY
Find orders placed last month.,DATE_FILTER
I need to know: show the bottom 50 customers by spending.,BOTTOM_N
Can you compare product ratings.,COMPARISON
I need to know: describe the product_reviews table.,TABLE_INFO
Could you which customers have the highest spending?,SORT
Could you which customers have placed orders?,JOIN
Could you how much did sales change over time?,CHANGE_OVER_TIME
Can you calculate the percentage of orders from this month.,PERCENTAGE
Show orders where information is unavailable.,NULL_CHECK
I need to know: hi there?,GREETING
How are products and order items related?,RELATIONSHIP_INFO
Please compare order amounts between two periods.,COMPARISON
I need to know: what is the total number of customers?,COUNT
Could you calculate monthly order totals.,DATE_AGGREGATION
I want to know: give me the average order value.,AVERAGE
I need to know: find the lowest order value.,MINIMUM
Can you explain the foreign key relationships.,RELATIONSHIP_INFO
Can you rank products by number of reviews.,RANKING
I need to know: what is the growth in sales?,GROWTH
Please compare order totals across different periods.,CHANGE_OVER_TIME
Please how many items in orders are there?,COUNT
I want to know: which products have never received a review?,NOT_EXISTS
Can you give me the top 3 products with the most reviews.,TOP_N
I need to know: delete every product.,UNSUPPORTED_REQUEST
Please show the top 3 customers by number of orders.,TOP_N
Please are there duplicate products?,DATA_QUALITY
Can you describe the order_items table.,TABLE_INFO
Please find customers who have no orders.,NOT_EXISTS
Could you show the order trend over time.,TREND
Could you what is the maximum customer spending?,MAXIMUM
I want to know: show review count by product.,GROUP_BY
I need to know: what percentage of products have reviews?,PERCENTAGE
Can you show orders from this month.,DATE_FILTER
I need to know: asdfgh?,INVALID_QUERY
Please calculate the ratio of orders to customers.,RATIO
I need to know: which customer accounts for the largest share of spending?,SHARE
Which customers have never placed an order?,NOT_EXISTS
Can you can you help me?,GREETING
Please show customers whose total spending exceeds 10000.,HAVING
I want to know: asdfgh?,INVALID_QUERY
Could you check the data quality of product reviews.,DATA_QUALITY
I want to know: show revenue growth over time.,TREND
I want to know: how are customers and reviews related?,RELATIONSHIP_INFO
Could you what columns are in the orders table?,TABLE_INFO
Could you what is the maximum order amount?,MAXIMUM
I want to know: show monthly order trends.,TREND
What different cities do customers come from?,DISTINCT
I need to know: can you do something impossible?,INVALID_QUERY
Show orders with customers and products.,MULTI_TABLE_JOIN
Can you show orders from January.,DATE_FILTER
What is the total value of all orders?,SUM
What is the growth rate of sales?,GROWTH
How much did sales change over time?,CHANGE_OVER_TIME
How many customers in the database are there?,COUNT
Please show each product's contribution to total revenue.,CONTRIBUTION
Can you which group has higher sales?,COMPARISON
I want to know: rank products by rating.,RANKING
I want to know: which product has the highest price?,MAXIMUM
Find products with low ratings.,FILTER
Can you calculate customer contribution to total spending.,CONTRIBUTION
Can you hey,GREETING
Describe the product_reviews table.,TABLE_INFO
Which products have the highest ratings?,SORT
Hi there,GREETING
I need to know: show customers ordered by spending.,SORT
Can you find duplicate customers.,DUPLICATE_CHECK
I want to know: calculate the growth in order value.,GROWTH
I want to know: show month-to-month changes in sales.,CHANGE_OVER_TIME
I want to know: what is the total number of products?,COUNT
List customers and their orders.,JOIN
I need to know: order products by their price.,SORT
I need to know: find orders that contain order items.,EXISTS
Can you this does not make sense?,INVALID_QUERY
I need to know: show the bottom 5 products by rating.,BOTTOM_N
Could you show the bottom 10 customers by number of orders.,BOTTOM_N
Are there duplicate product records?,DUPLICATE_CHECK
Please how many customer orders are there?,COUNT
I want to know: show orders with customers and products.,MULTI_TABLE_JOIN
Could you show the distribution of order amounts.,DISTRIBUTION
I want to know: find the average review rating.,AVERAGE
I want to know: show orders from last month.,DATE_FILTER
Please calculate average rating for each product.,GROUP_BY
I need to know: sort customers by spending.,SORT
I need to know: show the structure of customers.,TABLE_INFO
I want to know: this is not a database question,INVALID_QUERY
Describe the customers table.,TABLE_INFO
Can you calculate total revenue from orders.,SUM
Calculate monthly order totals.,DATE_AGGREGATION
I want to know: show revenue grouped by year.,DATE_AGGREGATION
Can you how are product prices distributed?,DISTRIBUTION
Show the bottom 50 orders by amount.,BOTTOM_N
Please how are products and order items related?,RELATIONSHIP_INFO
Could you what is the minimum order amount?,MINIMUM
List customers from Mumbai.,FILTER
Can you give me something meaningless?,INVALID_QUERY
Could you describe the customers table.,TABLE_INFO
"Could you show customers, orders, and products.",MULTI_TABLE_JOIN
I need to know: what is the average customer spending?,AVERAGE
Can you calculate the ratio of high rated products to all products.,RATIO
Can you good afternoon?,GREETING
Could you what is the lowest product price?,MINIMUM
Rank products by rating.,RANKING
I need to know: which products have more than 10 reviews?,HAVING
I need to know: show order count by customer.,GROUP_BY
Can you describe the orders table.,TABLE_INFO
Check the data quality of customers.,DATA_QUALITY
Can you show revenue by month.,DATE_AGGREGATION
I need to know: sort orders by date.,SORT
Please show changes in order amounts over time.,CHANGE_OVER_TIME
Please show customers ordered by spending.,SORT
I need to know: which customers purchased which products?,MULTI_TABLE_JOIN
Could you show orders from August.,DATE_FILTER
Rank orders by amount.,RANKING
Could you random words,INVALID_QUERY
I want to know: show me the database schema.,SCHEMA_INFO
I want to know: show orders where information is unavailable.,NULL_CHECK
Could you rank products by number of reviews.,RANKING
Could you compare sales across two groups.,COMPARISON
I need to know: list products with high ratings.,FILTER
Can you find products that may not have reviews.,LEFT_JOIN
I need to know: show customers with their orders.,JOIN
Can you show products without reviews.,NOT_EXISTS
Can you what is the average product price?,AVERAGE
I need to know: show customers ordered by number of orders.,SORT
Find customers who have at least one order.,EXISTS
What columns are in the products table?,TABLE_INFO
Could you show customers and the products they ordered.,MULTI_TABLE_JOIN
Show the bottom 20 customers by spending.,BOTTOM_N
I need to know: sort products by rating.,SORT
Are there invalid orders?,DATA_QUALITY
I want to know: hey there?,GREETING
Please what percentage of orders are above 5000?,PERCENTAGE
Can you modify the database configuration.,UNSUPPORTED_REQUEST
I want to know: how many customers in the database are there?,COUNT
Show unique customer cities.,DISTINCT
I need to know: how many product reviews are there?,COUNT
Can you which orders have the highest amounts?,SORT
Show customers with missing information.,NULL_CHECK
I need to know: show the top 10 products by price.,TOP_N
Can you check the data quality of customers.,DATA_QUALITY
I want to know: show the top 3 customers by spending.,TOP_N
I want to know: show customers from Mumbai.,FILTER
What is the total number of customers?,COUNT
I need to know: find the smallest order amount.,MINIMUM
I want to know: count all the orders.,COUNT
Can you find the highest order value.,MAXIMUM
Can you show the schema of the database.,SCHEMA_INFO
Please which products have more than 10 reviews?,HAVING
Can you find reviews with missing ratings.,NULL_CHECK
I want to know: show orders from May.,DATE_FILTER
Could you show all distinct ratings.,DISTINCT
Can you which customers have never placed an order?,NOT_EXISTS
I want to know: what is the average order amount?,AVERAGE
Could you give me a data quality report.,DATA_QUALITY
Can you show reviews with high ratings.,FILTER
Show customers from Bangalore.,FILTER
Could you show all customers whether or not they placed an order.,LEFT_JOIN
Find the lowest order value.,MINIMUM
Please drop the products table.,UNSUPPORTED_REQUEST
Which product has the largest share of sales?,SHARE
Please calculate total order value for each customer.,GROUP_BY
I want to know: how has revenue changed over time?,TREND
I need to know: find reviews with low ratings.,FILTER
Please what different cities do customers come from?,DISTINCT
Can you what share of revenue comes from each product?,SHARE
What columns are in the product_reviews table?,TABLE_INFO
Can you find orders without order items.,NOT_EXISTS
Could you which customers have never placed an order?,NOT_EXISTS
I want to know: calculate the percentage of orders from this month.,PERCENTAGE
Please what percentage of customers have placed orders?,PERCENTAGE
I need to know: show the structure of products.,TABLE_INFO
I want to know: find customers who have no orders.,NOT_EXISTS
Could you what fields does customers contain?,TABLE_INFO
I need to know: hello there?,GREETING
Could you what is the mean order amount?,AVERAGE
Could you what percentage of reviews have a rating above 4?,PERCENTAGE
Please show average rating by product.,GROUP_BY
Please show the complete customer order history with products.,MULTI_TABLE_JOIN
Please give me the top 20 products with the most reviews.,TOP_N
Please give me the average order value.,AVERAGE
Can you list orders above 1000.,FILTER
Can you show recent orders.,DATE_FILTER
Can you find the ratio of customers with orders to total customers.,RATIO
Check the data quality of order items.,DATA_QUALITY
Which customer accounts for the largest share of spending?,SHARE
I want to know: show the distribution of product ratings.,DISTRIBUTION
Please show the bottom 50 products by price.,BOTTOM_N
Can you show orders from last month.,DATE_FILTER
Please which customers have placed orders?,JOIN
How many products are there?,COUNT
List every order with its items if available.,LEFT_JOIN
Please how much has revenue increased?,GROWTH
Hi QueryPilot?,GREETING
Can you are there duplicate customer records?,DUPLICATE_CHECK
I want to know: which customers have placed more than 10 orders?,HAVING
I want to know: are there invalid orders?,DATA_QUALITY
Can you good morning,GREETING
Please show customers ordered by number of orders.,SORT
Could you what tables are in the database?,SCHEMA_INFO
Could you what is the number of product records?,COUNT
Can you rank products by rating.,RANKING
Show the bottom 10 customers by number of orders.,BOTTOM_N
Please count all the customers.,COUNT
I need to know: how many customer records are there?,COUNT
Please what is the maximum customer spending?,MAXIMUM
Please random unrelated question?,INVALID_QUERY
Could you which products have a rating above the average rating?,SUBQUERY
Could you give me the order count.,COUNT
Could you can you do something impossible?,INVALID_QUERY
Calculate total order value for each customer.,GROUP_BY
Can you rank products by price.,RANKING
Show the order trend over time.,TREND
Could you how many unique customer cities are there?,DISTINCT
Could you find the largest order amount.,MAXIMUM
I want to know: show products priced above the average product price.,SUBQUERY
I want to know: hi?,GREETING
I want to know: show the bottom 3 products by rating.,BOTTOM_N
I want to know: show monthly order counts.,DATE_AGGREGATION
I need to know: what is the average order amount?,AVERAGE
What is the average product price?,AVERAGE
I want to know: hi there,GREETING
I need to know: this does not make sense?,INVALID_QUERY
Could you show orders from October.,DATE_FILTER
Could you show the bottom 3 products by price.,BOTTOM_N
I want to know: what percentage of products have reviews?,PERCENTAGE
Show order count by customer.,GROUP_BY
I need to know: what columns are in the product_reviews table?,TABLE_INFO
List every product with reviews if available.,LEFT_JOIN
I need to know: qwerty,INVALID_QUERY
I want to know: what columns are in the order_items table?,TABLE_INFO
Please identify duplicate entries in the database.,DUPLICATE_CHECK
I want to know: random unrelated question?,INVALID_QUERY
I want to know: something random,INVALID_QUERY
I want to know: show the top 20 orders by amount.,TOP_N
I need to know: give me the total sales amount.,SUM
I need to know: calculate the growth in order value.,GROWTH
I need to know: describe the orders table.,TABLE_INFO
How has revenue changed over time?,TREND
Could you which customers contribute the most to total sales?,CONTRIBUTION
Which orders have the highest amounts?,SORT
Can you what is the ranking of products by price?,RANKING
I want to know: list products and their reviews.,JOIN
I need to know: how many orders are there?,COUNT
Can you show products with more than 20 reviews.,HAVING
Find orders that contain order items.,EXISTS
Could you are there invalid orders?,DATA_QUALITY
How many customers have missing values?,NULL_CHECK
Can you hi QueryPilot?,GREETING
Show customer names with the products they purchased.,MULTI_TABLE_JOIN
Can you hey there?,GREETING
Could you show the bottom 50 products by rating.,BOTTOM_N
Please show the trend in sales over time.,TREND
"Can you show customers, orders, and products.",MULTI_TABLE_JOIN
Please give me the distribution of product prices.,DISTRIBUTION
Could you show products along with their orders and customers.,MULTI_TABLE_JOIN
I want to know: show revenue by month.,DATE_AGGREGATION
Could you show orders with customer information.,JOIN
I want to know: change the database password.,UNSUPPORTED_REQUEST
Could you show products priced below 500.,FILTER
Can you this is not a database question?,INVALID_QUERY
I need to know: which product has the largest share of sales?,SHARE
Could you give me the average order value.,AVERAGE
I need to know: how much have orders grown?,GROWTH
I need to know: give me the average order value.,AVERAGE
Find the average review rating.,AVERAGE
Could you compare customer spending.,COMPARISON
I need to know: calculate the average price of products.,AVERAGE
Good afternoon?,GREETING
Please how are orders changing over time?,TREND
Could you calculate each customer's share of total spending.,SHARE
Could you hey,GREETING
I want to know: find orders placed this year.,DATE_FILTER
Can you find products where a field is missing.,NULL_CHECK
Please how are orders and order items related?,RELATIONSHIP_INFO
I need to know: find duplicate orders.,DUPLICATE_CHECK
I want to know: show customers who have placed an order.,EXISTS
Could you what is the total value of all orders?,SUM
Please show the bottom 5 customers by spending.,BOTTOM_N
Can you hi?,GREETING
Please find products that may not have reviews.,LEFT_JOIN
Change the database password.,UNSUPPORTED_REQUEST
Could you show all products including products without reviews.,LEFT_JOIN
Show customers who placed more orders than the average customer.,SUBQUERY
Could you show products ordered by price.,SORT
What is the average customer spending?,AVERAGE
I want to know: modify the database configuration.,UNSUPPORTED_REQUEST
I need to know: show customer information with product reviews.,MULTI_TABLE_JOIN
Can you show period-over-period changes in revenue.,CHANGE_OVER_TIME
Please show the bottom 3 products by rating.,BOTTOM_N
Could you show the top 3 customers by spending.,TOP_N
I want to know: show orders from March.,DATE_FILTER
I want to know: delete all customers.,UNSUPPORTED_REQUEST
Can you which products cost more than the average product?,SUBQUERY
I want to know: delete all orders.,UNSUPPORTED_REQUEST
Which product has the lowest price?,MINIMUM
Find reviews with missing ratings.,NULL_CHECK
Could you show the number of reviews for each product.,GROUP_BY
I want to know: show the bottom 3 customers by spending.,BOTTOM_N
I want to know: rank orders by amount.,RANKING
I want to know: are there missing values in customers?,DATA_QUALITY
Please asdfgh?,INVALID_QUERY
Please how did revenue change between months?,CHANGE_OVER_TIME
I need to know: show unique customer cities.,DISTINCT
I need to know: hi QueryPilot?,GREETING
I need to know: give me the top 10 products with the most reviews.,TOP_N
I need to know: show the top 10 customers by spending.,TOP_N
Can you what tables can I query?,SCHEMA_INFO
What is the mean order amount?,AVERAGE
Give me a breakdown of reviews by product.,GROUP_BY
Could you calculate revenue growth.,GROWTH
Could you show the structure of customers.,TABLE_INFO
Please sort products by price.,SORT
Can you hi QueryPilot,GREETING
Could you what columns are in the order_items table?,TABLE_INFO
Please find duplicate customers.,DUPLICATE_CHECK
Can you list every order with its items if available.,LEFT_JOIN
I want to know: show orders with customer information.,JOIN
Could you find products where a field is missing.,NULL_CHECK
Can you give me the customer count.,COUNT
I want to know: find products where a field is missing.,NULL_CHECK
What columns are in the order_items table?,TABLE_INFO
I need to know: compare customer spending.,COMPARISON
Can you show the top 50 products by rating.,TOP_N
Find products that have at least one review.,EXISTS
Which products appear in order items?,JOIN
Please which orders have the highest amounts?,SORT
Rank products by price.,RANKING
Could you show the distribution of product ratings.,DISTRIBUTION
Please show products without reviews.,NOT_EXISTS
I want to know: rank customers by number of orders.,RANKING
Please order customers by their total spending.,SORT
Show revenue growth over time.,TREND
Can you show monthly order trends.,TREND
Show orders from this year.,FILTER
Please delete all customers.,UNSUPPORTED_REQUEST
Find the largest order amount.,MAXIMUM
I need to know: give me a data quality report.,DATA_QUALITY
Show orders above 1000.,FILTER
Please list distinct customer cities.,DISTINCT
Could you what percentage of products are highly rated?,PERCENTAGE
Can you show orders from this year.,DATE_FILTER
I need to know: calculate total customer spending.,SUM
Please which products have reviews?,EXISTS
Please compare order counts between customers.,COMPARISON
I need to know: show orders from last year.,DATE_FILTER
I want to know: what fields does customers contain?,TABLE_INFO
Can you what is the minimum customer spending?,MINIMUM
What entities are stored in the database?,SCHEMA_INFO
Can you which product has the lowest rating?,MINIMUM
Can you show total sales by customer.,GROUP_BY
I want to know: find the largest order amount.,MAXIMUM
I need to know: show customers and their reviews.,JOIN
Can you how are orders distributed by amount?,DISTRIBUTION
I want to know: calculate the overall order value.,SUM
Calculate the average order value.,AVERAGE
I want to know: what is the total order amount?,SUM
Show the bottom 10 products by price.,BOTTOM_N
I want to know: how many customers have missing values?,NULL_CHECK
What is the sum of all order amounts?,SUM
Could you show the bottom 5 products by price.,BOTTOM_N
"Can you connect customers, orders, order items, and products.",MULTI_TABLE_JOIN
Find products priced below 500.,FILTER
I want to know: what is the ratio of orders to customers?,RATIO
Can you give me the ranking of customers by spending.,RANKING
Which tables can be joined with products?,RELATIONSHIP_INFO
Please find products where a field is missing.,NULL_CHECK
Please what is the growth rate of sales?,GROWTH
I want to know: which products cost more than the average product?,SUBQUERY
I need to know: show the bottom 20 products by rating.,BOTTOM_N
Order products by their price.,SORT
Could you show the top 3 customers by number of orders.,TOP_N
Could you sort products by price.,SORT
Can you show sales growth compared with the previous period.,GROWTH
Could you find products priced above 5000.,FILTER
Can you how are customers and orders related?,RELATIONSHIP_INFO
I want to know: show the number of reviews for each product.,GROUP_BY
Please drop the entire database.,UNSUPPORTED_REQUEST
Show customers and the products they ordered.,MULTI_TABLE_JOIN
I need to know: show orders from January.,DATE_FILTER
Show orders from November.,DATE_FILTER
Can you show products that have received reviews.,EXISTS
asdfgh?,INVALID_QUERY
Can you show sales by month.,DATE_AGGREGATION
Find customers from Pune.,FILTER
Show all customers whether or not they placed an order.,LEFT_JOIN
Find duplicate orders.,DUPLICATE_CHECK
Show changes in order amounts over time.,CHANGE_OVER_TIME
Group customers by orders and show groups with more than 10 orders.,HAVING
Can you what is the mean order amount?,AVERAGE
Show order totals by month.,DATE_AGGREGATION
I need to know: rank customers by number of orders.,RANKING
Can you show customers with missing information.,NULL_CHECK
I need to know: rank orders by amount.,RANKING
Could you which orders have no items?,NOT_EXISTS
List every customer and their orders if they have any.,LEFT_JOIN
Please find duplicate products.,DUPLICATE_CHECK
Could you show the distribution of customer spending.,DISTRIBUTION
Please hey?,GREETING
I need to know: random unrelated question?,INVALID_QUERY
I need to know: show the top 50 products by rating.,TOP_N
Show the top 50 orders by amount.,TOP_N
Can you check customers for duplicate records.,DUPLICATE_CHECK
I need to know: sort products by number of reviews.,SORT
Good afternoon,GREETING
Which products have a rating above the average rating?,SUBQUERY
Could you which product has the largest share of sales?,SHARE
I want to know: show customers whose total spending exceeds 10000.,HAVING
Could you delete every product.,UNSUPPORTED_REQUEST
I need to know: show customers without orders.,NOT_EXISTS
Can you compare sales across two groups.,COMPARISON
I need to know: list unique product categories.,DISTINCT
I need to know: how many product review records are there?,COUNT
I need to know: how are customers and reviews related?,RELATIONSHIP_INFO
Can you which product has the highest price?,MAXIMUM
Please are there missing values in customers?,DATA_QUALITY
I need to know: calculate total revenue from orders.,SUM
I need to know: how are customers and orders related?,RELATIONSHIP_INFO
Can you show customers and the products they ordered.,MULTI_TABLE_JOIN
Please update every customer record.,UNSUPPORTED_REQUEST
Please show order totals by month.,DATE_AGGREGATION
Could you check the database for data quality problems.,DATA_QUALITY
I want to know: show each customer's contribution to total sales.,CONTRIBUTION
Please show the top 10 products by price.,TOP_N
Find products that may not have reviews.,LEFT_JOIN
Can you how have order amounts changed over time?,TREND
Please show products ordered by rating.,SORT
Which products have at least 5 reviews?,HAVING
Can you what is the ratio of reviews to products?,RATIO
I want to know: compare product prices.,COMPARISON
I need to know: list products and their reviews.,JOIN
Please show all unique customer locations.,DISTINCT
I want to know: show orders from July.,DATE_FILTER
Compare customer spending.,COMPARISON
Could you find duplicate customers.,DUPLICATE_CHECK
Compare product prices.,COMPARISON
I need to know: what percentage of products are highly rated?,PERCENTAGE
Please show the bottom 10 customers by number of orders.,BOTTOM_N
Show each product's contribution to total revenue.,CONTRIBUTION
I want to know: what is the ratio between product reviews and products?,RATIO
Show the bottom 3 customers by number of orders.,BOTTOM_N
I need to know: show customers with their orders and order items.,MULTI_TABLE_JOIN
Are there missing values in customers?,DATA_QUALITY
Show orders from May.,DATE_FILTER
Could you show month-to-month changes in sales.,CHANGE_OVER_TIME
I need to know: rank products by rating.,RANKING
I need to know: what is the total sales?,SUM
Please show orders from last month.,DATE_FILTER
Give me the top 10 products with the most reviews.,TOP_N
I want to know: something random?,INVALID_QUERY
"Please show customers, orders, and products.",MULTI_TABLE_JOIN
Can you show orders grouped by year.,DATE_AGGREGATION
I need to know: i don't know what to ask?,INVALID_QUERY
Could you find customers whose spending is above the average customer spending.,SUBQUERY
Could you what is the highest product price?,MAXIMUM
I want to know: show order count by month.,DATE_AGGREGATION
I need to know: analyze the distribution of review ratings.,DISTRIBUTION
I need to know: describe the products table.,TABLE_INFO
I need to know: how many items in the product catalog are there?,COUNT
I need to know: show order count by month.,DATE_AGGREGATION
Could you show orders from highest amount to lowest.,SORT
Can you show the top 10 customers by spending.,TOP_N
Please what is the database structure?,SCHEMA_INFO
I want to know: which table is related to customers?,RELATIONSHIP_INFO
Show products with their reviews.,JOIN
Show orders from June.,DATE_FILTER
Could you good afternoon?,GREETING
Please delete every product.,UNSUPPORTED_REQUEST
I need to know: find duplicate products.,DUPLICATE_CHECK
Can you compare sales between two periods.,COMPARISON
I want to know: find products that have at least one review.,EXISTS
Could you show customers ordered by spending.,SORT
Can you show products ordered by each customer.,MULTI_TABLE_JOIN
Could you calculate total order value for each customer.,GROUP_BY
Please find reviews with missing ratings.,NULL_CHECK
I want to know: give me the total sales amount.,SUM
Please which group has higher sales?,COMPARISON
Can you show all products including products without reviews.,LEFT_JOIN
Could you find orders above the average order amount.,SUBQUERY
Please show monthly order counts.,DATE_AGGREGATION
I want to know: hi,GREETING
Show the top 3 customers by number of orders.,TOP_N
Show products grouped by rating.,GROUP_BY
Can you what share of total sales comes from each customer?,SHARE
I want to know: which product has the highest rating?,MAXIMUM
Show monthly sales trends.,TREND
I want to know: show the top 10 customers by spending.,TOP_N
Please qwerty,INVALID_QUERY
I need to know: what different cities do customers come from?,DISTINCT
Please sort reviews by rating.,SORT
What is the combined value of all orders?,SUM
Show total sales by customer.,GROUP_BY
Find customers who have no orders.,NOT_EXISTS
I need to know: show the top 20 products by price.,TOP_N
Can you what is the ratio of orders to customers?,RATIO
I need to know: find duplicate reviews.,DUPLICATE_CHECK
Sort orders by date.,SORT
Can you show customers with their orders.,JOIN
Could you find the highest order value.,MAXIMUM
Please hi?,GREETING
I want to know: find products that may not have reviews.,LEFT_JOIN
List products and their reviews.,JOIN
I want to know: compare customer spending.,COMPARISON
Show the top 10 products by price.,TOP_N
Can you what is the sum of all order amounts?,SUM
Can you how are customers and reviews related?,RELATIONSHIP_INFO
I want to know: compare order counts between customers.,COMPARISON
Could you show monthly order counts.,DATE_AGGREGATION
I need to know: what is the lowest product rating?,MINIMUM
I need to know: find duplicate customers.,DUPLICATE_CHECK
Could you sort products by number of reviews.,SORT
Could you qwerty?,INVALID_QUERY
Could you what share of total sales comes from each customer?,SHARE
Could you show orders where information is unavailable.,NULL_CHECK
Can you what percentage of customers have placed orders?,PERCENTAGE
Count all the orders.,COUNT
How many reviews are there?,COUNT
Can you give me a breakdown of reviews by product.,GROUP_BY
Can you how many product records are there?,COUNT
Can you show orders from highest amount to lowest.,SORT
I need to know: calculate the percentage of orders from this month.,PERCENTAGE
Show average order amount by month.,DATE_AGGREGATION
Can you show orders grouped by customer.,GROUP_BY
Hi,GREETING
Show each customer's contribution to total sales.,CONTRIBUTION
Please show each customer's contribution to total sales.,CONTRIBUTION
Can you hello there?,GREETING
Please show customers and the products they ordered.,MULTI_TABLE_JOIN
I want to know: show orders grouped by year.,DATE_AGGREGATION
Please analyze the distribution of review ratings.,DISTRIBUTION
I need to know: give me the ranking of customers by spending.,RANKING
Please calculate monthly order totals.,DATE_AGGREGATION
Could you show the top 3 products by rating.,TOP_N
What is the highest product price?,MAXIMUM
Could you give me the ranking of customers by spending.,RANKING
Please list products and their reviews.,JOIN
I need to know: this is not a database question,INVALID_QUERY
Please how much money was generated from orders?,SUM
Can you what different product categories exist?,DISTINCT
Can you give me a breakdown of orders by customer.,GROUP_BY
Can you show orders with their order items.,JOIN
I need to know: what is the combined value of all orders?,SUM
I want to know: drop the entire database.,UNSUPPORTED_REQUEST
Could you which tables can be joined with orders?,RELATIONSHIP_INFO
Could you show the top 5 customers by number of orders.,TOP_N
What percentage of products have reviews?,PERCENTAGE
Please find products that have at least one review.,EXISTS
I need to know: show products priced above the average product price.,SUBQUERY
Find duplicate reviews.,DUPLICATE_CHECK
I want to know: show the bottom 3 orders by amount.,BOTTOM_N
Can you rank all products according to their ratings.,RANKING
Please sort products by number of reviews.,SORT
Can you hi there?,GREETING
Find orders from last month.,FILTER
Please good afternoon?,GREETING
Please show monthly sales trends.,TREND
Please how much did sales change over time?,CHANGE_OVER_TIME
I need to know: show orders from highest amount to lowest.,SORT
Show monthly order trends.,TREND
I want to know: what columns are in the orders table?,TABLE_INFO
I need to know: how many ordered products are there?,COUNT
Show the top 10 customers by spending.,TOP_N
Please are there invalid orders?,DATA_QUALITY
I want to know: find customers who may not have any orders.,LEFT_JOIN
I want to know: explain the foreign key relationships.,RELATIONSHIP_INFO
Please what is the average customer spending?,AVERAGE
Please show customers and their reviews.,JOIN
Can you show products with their reviews.,JOIN
Please check the database for data quality problems.,DATA_QUALITY
I need to know: show the top 5 orders by amount.,TOP_N
I want to know: what is the average product price?,AVERAGE
Can you what percentage of products have reviews?,PERCENTAGE
This does not make sense,INVALID_QUERY
Could you find recent orders.,DATE_FILTER
Can you i need help,GREETING
Could you calculate total customer spending.,SUM
I need to know: find customers from Bangalore.,FILTER
I need to know: list all available tables.,SCHEMA_INFO
Which products have more than 10 reviews?,HAVING
I want to know: show orders from June.,DATE_FILTER
Show the bottom 3 orders by amount.,BOTTOM_N
I need to know: show products with more than 20 reviews.,HAVING
Can you show the top 5 customers by number of orders.,TOP_N
Please check products for duplicate records.,DUPLICATE_CHECK
Please show orders from highest amount to lowest.,SORT
I want to know: show customers and the products they ordered.,MULTI_TABLE_JOIN
Please show products priced below 1000.,FILTER
Please modify the database configuration.,UNSUPPORTED_REQUEST
List products priced below 500.,FILTER
I need help,GREETING
Check the data quality of product reviews.,DATA_QUALITY
I want to know: show each product's contribution to total revenue.,CONTRIBUTION
Could you what percentage of orders are above 5000?,PERCENTAGE
Please what percentage of products have reviews?,PERCENTAGE
Can you i need help?,GREETING
I want to know: show the bottom 10 customers by spending.,BOTTOM_N
Could you which products contribute most to total sales?,CONTRIBUTION
Can you find duplicate orders.,DUPLICATE_CHECK
Could you show the bottom 10 orders by amount.,BOTTOM_N
Could you check products for duplicate records.,DUPLICATE_CHECK
I want to know: list all available tables.,SCHEMA_INFO
I need to know: list customers and their orders.,JOIN
Could you identify duplicate entries in the database.,DUPLICATE_CHECK
Please list every customer and their orders if they have any.,LEFT_JOIN
Please show the top 50 products by price.,TOP_N
Please show the distribution of product ratings.,DISTRIBUTION
Please find reviews with a rating above 4.,FILTER
Please show orders from February.,DATE_FILTER
What columns are in the orders table?,TABLE_INFO
I want to know: find customers who have at least one order.,EXISTS
Show customers with at least 10 orders.,HAVING
Could you which customers have placed more than 5 orders?,HAVING
I need to know: calculate changes in order volume over time.,CHANGE_OVER_TIME
I want to know: show orders from this month.,DATE_FILTER
I want to know: show the number of orders for each customer.,GROUP_BY
I want to know: show order totals by month.,DATE_AGGREGATION
Can you show the bottom 20 products by rating.,BOTTOM_N
Find reviews with low ratings.,FILTER
How are customers and orders related?,RELATIONSHIP_INFO
Show products with high ratings.,FILTER
Could you what columns are in the customers table?,TABLE_INFO
I want to know: how are customers and orders related?,RELATIONSHIP_INFO
Please find products that have no reviews.,NOT_EXISTS
Show the bottom 5 products by rating.,BOTTOM_N
I need to know: find orders without order items.,NOT_EXISTS
Find reviews with a rating above 4.,FILTER
I want to know: list orders from this month.,DATE_FILTER
Show sales growth compared with the previous period.,GROWTH
I need to know: how much money was generated from orders?,SUM
I want to know: which customers have placed more than 5 orders?,HAVING
I want to know: update every customer record.,UNSUPPORTED_REQUEST
I want to know: which products have received reviews?,JOIN
Please how many customers are there?,COUNT
Can you find products priced above 5000.,FILTER
I want to know: random words?,INVALID_QUERY
Can you show the distribution of order amounts.,DISTRIBUTION
Can you do something impossible?,INVALID_QUERY
I need to know: check customers for duplicate records.,DUPLICATE_CHECK
Can you calculate the average price of products.,AVERAGE
Could you show orders with their order items.,JOIN
Can you what is the maximum customer spending?,MAXIMUM
Show the top 50 products by price.,TOP_N
I need to know: show orders from April.,DATE_FILTER
Can you find products that have at least one review.,EXISTS
Could you find the lowest order value.,MINIMUM
Could you find products with missing values.,NULL_CHECK
I want to know: show all products whether or not they have reviews.,LEFT_JOIN
Could you show the bottom 20 customers by number of orders.,BOTTOM_N
Please which product has the highest rating?,MAXIMUM
I need to know: calculate the ratio of orders to customers.,RATIO
Please show the bottom 5 orders by amount.,BOTTOM_N
I want to know: what is the total value of all orders?,SUM
Find orders without order items.,NOT_EXISTS
Can you what different cities do customers come from?,DISTINCT
Can you show the top 3 products by price.,TOP_N
Can you order customers by their total spending.,SORT
I want to know: what columns are in the products table?,TABLE_INFO
Can you show the bottom 10 customers by spending.,BOTTOM_N
I want to know: show the relationships between the tables.,RELATIONSHIP_INFO
Calculate yearly order totals.,DATE_AGGREGATION
I need to know: show all orders including orders without order items.,LEFT_JOIN
I need to know: show orders from February.,DATE_FILTER
Show the distribution of customer spending.,DISTRIBUTION
I need to know: what is the highest product price?,MAXIMUM
I need to know: give me the product count.,COUNT
Could you rank products by rating.,RANKING
Could you order products by their price.,SORT
I need to know: hey?,GREETING
Can you what is the combined value of all orders?,SUM
Please show products with low ratings.,FILTER
I want to know: what is the growth in sales?,GROWTH
Can you compare product prices.,COMPARISON
Could you show the bottom 50 products by price.,BOTTOM_N
I need to know: show the trend in sales over time.,TREND
Can you show order count by month.,DATE_AGGREGATION
I need to know: show the top 20 customers by number of orders.,TOP_N
Show the top 20 customers by number of orders.,TOP_N
Please this is not a database question,INVALID_QUERY
Please show products ordered by price.,SORT
Could you show the bottom 3 customers by number of orders.,BOTTOM_N
Find orders above the average order amount.,SUBQUERY
I need to know: show products ordered by each customer.,MULTI_TABLE_JOIN
Show the top 50 customers by spending.,TOP_N
I want to know: calculate changes in order volume over time.,CHANGE_OVER_TIME
Could you compare order counts between customers.,COMPARISON
Could you show the bottom 5 products by rating.,BOTTOM_N
Show the bottom 5 products by price.,BOTTOM_N
I want to know: list every product with reviews if available.,LEFT_JOIN
I want to know: which customers purchased which products?,MULTI_TABLE_JOIN
Can you asdfgh,INVALID_QUERY
I want to know: check the data quality of orders.,DATA_QUALITY
How many customers are there?,COUNT
Can you random words,INVALID_QUERY
Can you show average rating by product.,GROUP_BY
Calculate total customer spending.,SUM
I need to know: check the database for data quality problems.,DATA_QUALITY
I want to know: show products grouped by rating.,GROUP_BY
Can you show the relationships between the tables.,RELATIONSHIP_INFO
Can you can you do something impossible?,INVALID_QUERY
Could you show the bottom 20 customers by spending.,BOTTOM_N
Could you what is the total number of products?,COUNT
Please what is the maximum order amount?,MAXIMUM
I want to know: how much money was generated from orders?,SUM
Can you show the order trend over time.,TREND
I need to know: what columns are in the orders table?,TABLE_INFO
Could you this does not make sense,INVALID_QUERY
Can you how many items in orders are there?,COUNT
Please rank all products according to their ratings.,RANKING
Please identify repeated customer records.,DUPLICATE_CHECK
I need to know: count all the orders.,COUNT
Could you show the bottom 3 customers by spending.,BOTTOM_N
Show the top 5 products by rating.,TOP_N
I need to know: list every order with its items if available.,LEFT_JOIN
I want to know: how are product prices distributed?,DISTRIBUTION
I need to know: calculate the ratio of high rated products to all products.,RATIO
Which product has the lowest rating?,MINIMUM
I want to know: good afternoon,GREETING
I need to know: can you help me?,GREETING
I need to know: which customers have placed more than 5 orders?,HAVING
Could you find duplicate reviews.,DUPLICATE_CHECK
"Show customers, products, and their reviews.",MULTI_TABLE_JOIN
I need to know: calculate each customer's share of total spending.,SHARE
Please give me the total sales amount.,SUM
Could you hey?,GREETING
Please hello there,GREETING
Could you how are customers and orders related?,RELATIONSHIP_INFO
Which customers have orders?,EXISTS
Please which products appear in order items?,JOIN
How many unique customer cities are there?,DISTINCT
Could you give me the top 10 products with the most reviews.,TOP_N
I want to know: show period-over-period changes in revenue.,CHANGE_OVER_TIME
How many order items are there?,COUNT
Please give me a data quality report.,DATA_QUALITY
I need to know: show customers with missing information.,NULL_CHECK
What percentage of orders are above 5000?,PERCENTAGE
Show all products whether or not they have reviews.,LEFT_JOIN
Can you show customers who placed more orders than the average customer.,SUBQUERY
Show the top 20 products by price.,TOP_N
Could you which products cost more than the average product?,SUBQUERY
Please explain the foreign key relationships.,RELATIONSHIP_INFO
I want to know: which records have null values?,NULL_CHECK
Show products that have received reviews.,EXISTS
Please sort customers by number of orders.,SORT
List all available tables.,SCHEMA_INFO
Could you what is the minimum customer spending?,MINIMUM
I want to know: which customers have the highest spending?,SORT
I want to know: delete all reviews.,UNSUPPORTED_REQUEST
How are customers and reviews related?,RELATIONSHIP_INFO
Can you show monthly sales trends.,TREND
Can you which products have reviews?,EXISTS
Could you show order totals by month.,DATE_AGGREGATION
I need to know: what share of revenue comes from each product?,SHARE
Can you find products with missing values.,NULL_CHECK
Can you what is the number of product records?,COUNT
Please hi,GREETING
Show products priced above 5000.,FILTER
Can you show orders from November.,DATE_FILTER
Could you check the data quality of order items.,DATA_QUALITY
Show orders above 5000.,FILTER
How did revenue change between months?,CHANGE_OVER_TIME
I want to know: show the bottom 20 products by rating.,BOTTOM_N
Show products priced below 1000.,FILTER
How many product records are there?,COUNT
This is not a database question,INVALID_QUERY
"I need to know: show customers, orders, and products.",MULTI_TABLE_JOIN
How have order amounts changed over time?,TREND
Could you list every product with reviews if available.,LEFT_JOIN
I want to know: which product has the largest share of sales?,SHARE
Rank all products according to their ratings.,RANKING
Find customers who may not have any orders.,LEFT_JOIN
I need to know: hello QueryPilot,GREETING
Show orders below 1000.,FILTER
I want to know: calculate the average price of products.,AVERAGE
Can you show the number of orders for each customer.,GROUP_BY
I need to know: calculate monthly order totals.,DATE_AGGREGATION
Please this is not a database question?,INVALID_QUERY
Can you what columns are in the order_items table?,TABLE_INFO
Good morning,GREETING
Can you show the trend in sales over time.,TREND
Show average rating by product.,GROUP_BY
I want to know: how much did sales change over time?,CHANGE_OVER_TIME
Give me the order count.,COUNT
Please show the top 20 orders by amount.,TOP_N
Can you find customers who have at least one order.,EXISTS
Could you which customers purchased which products?,MULTI_TABLE_JOIN
Can you what columns are in the customers table?,TABLE_INFO
Which products have never received a review?,NOT_EXISTS
Could you explain the foreign key relationships.,RELATIONSHIP_INFO
Please calculate the ratio of high rated products to all products.,RATIO
Please which customers have never placed an order?,NOT_EXISTS
Calculate each customer's share of total spending.,SHARE
Can you give me the total sales amount.,SUM
Please find the ratio of customers with orders to total customers.,RATIO
How many product reviews are there?,COUNT
Please rank products by number of reviews.,RANKING
Could you list orders below 1000.,FILTER
Please show customers with their orders.,JOIN
Show products with low ratings.,FILTER
I need to know: what columns are in the order_items table?,TABLE_INFO
I need to know: rank customers by spending.,RANKING
Can you find orders with amounts greater than the average order amount.,SUBQUERY
Can you which product has the lowest price?,MINIMUM
Could you what is the growth rate of sales?,GROWTH
Please asdfgh,INVALID_QUERY
Can you show orders with customers and products.,MULTI_TABLE_JOIN
I need to know: sort products by price.,SORT
Can you show reviews grouped by rating.,GROUP_BY
Show orders from August.,DATE_FILTER
Find orders placed this year.,DATE_FILTER
Can you sort products by price.,SORT
I want to know: show customers without orders.,NOT_EXISTS
Can you show reviews with low ratings.,FILTER
I need to know: show the distribution of customer spending.,DISTRIBUTION
Which product has a higher rating?,COMPARISON
Please calculate the overall order value.,SUM
I want to know: which product has the lowest price?,MINIMUM
Please show orders from July.,DATE_FILTER
Can you how much did sales change over time?,CHANGE_OVER_TIME
Show products along with their orders and customers.,MULTI_TABLE_JOIN
Show products priced below 500.,FILTER
Sort customers by number of orders.,SORT
Please find the largest order amount.,MAXIMUM
Show the top 50 products by rating.,TOP_N
Please show customers with missing information.,NULL_CHECK
I need to know: show revenue growth over time.,TREND
Could you show the bottom 3 products by rating.,BOTTOM_N
Analyze the change in sales over time.,TREND
Can you delete all customers.,UNSUPPORTED_REQUEST
I need to know: show orders grouped by year.,DATE_AGGREGATION
Can you what percentage of orders are above 5000?,PERCENTAGE
Please which ratings have more than 100 reviews?,HAVING
I want to know: show orders from this year.,DATE_FILTER
Please show average order amount by month.,DATE_AGGREGATION
I need to know: show orders with their order items.,JOIN
I need to know: which product has the highest price?,MAXIMUM
Can you show average order amount by month.,DATE_AGGREGATION
Compare sales across two groups.,COMPARISON
Hello there,GREETING
Sort customers by spending.,SORT
I need to know: calculate revenue growth.,GROWTH
Could you asdfgh?,INVALID_QUERY
Please calculate each product's share of total sales.,SHARE
I need to know: drop the entire database.,UNSUPPORTED_REQUEST
I need to know: show sales by month.,DATE_AGGREGATION
Please show the top 50 products by rating.,TOP_N
I want to know: which customers have placed orders?,JOIN
Could you what is the ratio of orders to customers?,RATIO
Can you identify repeated customer records.,DUPLICATE_CHECK
I need to know: find products that have at least one review.,EXISTS
Can you calculate month-over-month sales growth.,GROWTH
Could you hi QueryPilot?,GREETING
Can you show customers whose total spending exceeds the average.,SUBQUERY
I want to know: how many customer orders are there?,COUNT
Please show the structure of customers.,TABLE_INFO
Can you show customer names with the products they purchased.,MULTI_TABLE_JOIN
Please show the distribution of customer spending.,DISTRIBUTION
Please what share of total sales comes from each customer?,SHARE
Can you which customers have the highest spending?,SORT
I need to know: show monthly order counts.,DATE_AGGREGATION
Can you calculate changes in order volume over time.,CHANGE_OVER_TIME
Could you show customer information with product reviews.,MULTI_TABLE_JOIN
Please show customers without orders.,NOT_EXISTS
I want to know: show orders with missing values.,NULL_CHECK
"Can you show customers, products, and their reviews.",MULTI_TABLE_JOIN
I need to know: which customers have never placed an order?,NOT_EXISTS
I need to know: show the top 20 orders by amount.,TOP_N
I want to know: show sales by month.,DATE_AGGREGATION
Show customers whose total spending exceeds 10000.,HAVING
I want to know: list unique product categories.,DISTINCT
Please show orders from September.,DATE_FILTER
Could you show products priced above 5000.,FILTER
I want to know: calculate average rating for each product.,GROUP_BY
Could you list every customer and their orders if they have any.,LEFT_JOIN
Drop the customers table.,UNSUPPORTED_REQUEST
Show orders from this month.,DATE_FILTER
Could you how are orders distributed by amount?,DISTRIBUTION
Can you which tables can be joined with orders?,RELATIONSHIP_INFO
I want to know: random unrelated question,INVALID_QUERY
Can you which customers have written reviews?,JOIN
Can you show the top 3 products by rating.,TOP_N
Can you check products for duplicate records.,DUPLICATE_CHECK
Calculate changes in order volume over time.,CHANGE_OVER_TIME
Can you find the smallest order amount.,MINIMUM
I want to know: calculate the average order value.,AVERAGE
What share of total sales comes from each customer?,SHARE
Show all orders including orders without order items.,LEFT_JOIN
Please calculate the average price of products.,AVERAGE
Could you describe the product_reviews table.,TABLE_INFO
I need to know: rank all products according to their ratings.,RANKING
I want to know: show the top 50 customers by spending.,TOP_N
What fields does customers contain?,TABLE_INFO
I want to know: tell me about the database structure.,SCHEMA_INFO
Could you how did revenue change between months?,CHANGE_OVER_TIME
Can you which products have the highest ratings?,SORT
Show product reviews with product information.,JOIN
Can you what is the highest product rating?,MAXIMUM
Can you hello?,GREETING
Find customers from Chennai.,FILTER
I want to know: show the bottom 10 customers by number of orders.,BOTTOM_N
I need to know: show average order amount by month.,DATE_AGGREGATION
I need to know: list customers from Mumbai.,FILTER
I need to know: good morning?,GREETING
Find products priced above 5000.,FILTER
Show the bottom 3 products by price.,BOTTOM_N
Show the bottom 50 products by price.,BOTTOM_N
Please show products grouped by rating.,GROUP_BY
Could you calculate the growth in order value.,GROWTH
Rank customers by number of orders.,RANKING
Please find the highest order value.,MAXIMUM
Show the bottom 3 customers by spending.,BOTTOM_N
Could you delete all customers.,UNSUPPORTED_REQUEST
I need to know: show the bottom 3 products by price.,BOTTOM_N
Could you show the complete customer order history with products.,MULTI_TABLE_JOIN
Show products priced above the average product price.,SUBQUERY
I need to know: check the data quality of products.,DATA_QUALITY
I want to know: show reviews grouped by rating.,GROUP_BY
I need to know: which product has the lowest price?,MINIMUM
List customers from Bangalore.,FILTER
I need to know: compare order totals across different periods.,CHANGE_OVER_TIME
I want to know: which orders have order items?,EXISTS
I want to know: find customers whose spending is above the average customer spending.,SUBQUERY
Can you hey there,GREETING
I want to know: calculate monthly order totals.,DATE_AGGREGATION
Tell me about the database structure.,SCHEMA_INFO
I want to know: find the lowest order value.,MINIMUM
Could you what columns are in the products table?,TABLE_INFO
I want to know: what is the sum of all order amounts?,SUM
Please how are orders distributed by amount?,DISTRIBUTION
Could you show total sales by product.,GROUP_BY
I want to know: are there duplicate products?,DATA_QUALITY
I want to know: can you do something impossible?,INVALID_QUERY
Please how have order amounts changed over time?,TREND
Sort products by rating.,SORT
I want to know: good afternoon?,GREETING
Please show the bottom 5 products by rating.,BOTTOM_N
Could you are there duplicate product records?,DUPLICATE_CHECK
Give me the average order value.,AVERAGE
I need to know: are there duplicate customer records?,DUPLICATE_CHECK
I need to know: tell me about the database structure.,SCHEMA_INFO
I want to know: show the top 50 products by rating.,TOP_N
How many product review records are there?,COUNT
Which products contribute the most to revenue?,CONTRIBUTION
Show period-over-period changes in revenue.,CHANGE_OVER_TIME
I want to know: show orders grouped by customer.,GROUP_BY
I need to know: which records have null values?,NULL_CHECK
Could you show orders from April.,DATE_FILTER
Could you show period-over-period changes in revenue.,CHANGE_OVER_TIME
Could you show customers with their orders.,JOIN
Could you show product reviews with product information.,JOIN
Hey there,GREETING
I want to know: which orders have no items?,NOT_EXISTS
I need to know: show the bottom 3 customers by number of orders.,BOTTOM_N
I want to know: analyze the distribution of review ratings.,DISTRIBUTION
Show order count by month.,DATE_AGGREGATION
Please show the bottom 20 products by price.,BOTTOM_N
Find the highest order value.,MAXIMUM
Please show monthly order trends.,TREND
Please what is the minimum customer spending?,MINIMUM
I need to know: find the average product rating.,AVERAGE
I need to know: show total sales by customer.,GROUP_BY
Can you check the database for data quality problems.,DATA_QUALITY
I need to know: what share of total sales comes from each customer?,SHARE
I need to know: what percentage of reviews have a rating above 4?,PERCENTAGE
Please what different product categories exist?,DISTINCT
Could you list distinct customer cities.,DISTINCT
I want to know: what is the growth rate of sales?,GROWTH
I need to know: how many unique customer cities are there?,DISTINCT
I want to know: how much have orders grown?,GROWTH
I need to know: how have order amounts changed over time?,TREND
Count all the customers.,COUNT
Random unrelated question,INVALID_QUERY
Find customers from Delhi.,FILTER
Please which products have received reviews?,JOIN
Show products ordered by price.,SORT
I want to know: what is the total sales?,SUM
Could you which product has the highest rating?,MAXIMUM
Please show the structure of products.,TABLE_INFO
I need to know: analyze the change in sales over time.,TREND
I want to know: show orders from September.,DATE_FILTER
Could you compare product ratings.,COMPARISON
Please list unique review ratings.,DISTINCT
I want to know: show orders with their order items.,JOIN
Could you what is the sum of all order amounts?,SUM
Please what is the average order amount?,AVERAGE
Sort products by number of reviews.,SORT
Please i need help,GREETING
Could you how have order amounts changed over time?,TREND
I need to know: what is the highest product rating?,MAXIMUM
I want to know: sort products by number of reviews.,SORT
"Could you connect customers, orders, order items, and products.",MULTI_TABLE_JOIN
Check products for duplicate records.,DUPLICATE_CHECK
I need to know: hey there,GREETING
I want to know: show the distribution of customer spending.,DISTRIBUTION
Show orders from last month.,DATE_FILTER
Please which customer accounts for the largest share of spending?,SHARE
Show orders from this year.,DATE_FILTER
Could you what columns are in the product_reviews table?,TABLE_INFO
I want to know: show all products including products without reviews.,LEFT_JOIN
Please hello?,GREETING
Could you calculate yearly order totals.,DATE_AGGREGATION
Show orders with missing values.,NULL_CHECK
I need to know: find products with missing values.,NULL_CHECK
Can you find orders above the average order amount.,SUBQUERY
Which customers have placed orders?,JOIN
I need to know: what is the maximum customer spending?,MAXIMUM
Compare order amounts between two periods.,COMPARISON
Please are there duplicate product records?,DUPLICATE_CHECK
Please compare sales across two groups.,COMPARISON
I want to know: calculate the ratio of high rated products to all products.,RATIO
Could you calculate the overall order value.,SUM
Could you are there duplicate customer records?,DUPLICATE_CHECK
Show orders from this month.,FILTER
I want to know: list customers from Bangalore.,FILTER
Please show the number of reviews for each product.,GROUP_BY
Please show all customers whether or not they placed an order.,LEFT_JOIN
Can you what columns are in the orders table?,TABLE_INFO
Could you sort orders by amount.,SORT
Which products cost more than the average product?,SUBQUERY
Show the bottom 10 products by rating.,BOTTOM_N
Could you show products grouped by rating.,GROUP_BY
Could you show the trend in sales over time.,TREND
I need to know: how are products and reviews related?,RELATIONSHIP_INFO
Show products with more than 20 reviews.,HAVING
I need to know: what percentage of customers are from Delhi?,PERCENTAGE
I want to know: show orders from last month.,FILTER
What is the number of product records?,COUNT
Can you how many orders have been placed?,COUNT
I need to know: which products have never received a review?,NOT_EXISTS
Explain the foreign key relationships.,RELATIONSHIP_INFO
Please show the order trend over time.,TREND
Please calculate month-over-month sales growth.,GROWTH
Could you show customers whose total spending exceeds the average.,SUBQUERY
How are orders and order items related?,RELATIONSHIP_INFO
I need to know: show distinct product categories.,DISTINCT
Could you check customers for duplicate records.,DUPLICATE_CHECK
Could you show distinct product categories.,DISTINCT
Please which product has the lowest price?,MINIMUM
I want to know: hello there,GREETING
Could you qwerty,INVALID_QUERY
I need to know: show the top 50 customers by number of orders.,TOP_N
Could you are there missing values in customers?,DATA_QUALITY
Could you asdfgh,INVALID_QUERY
I need to know: what is the database structure?,SCHEMA_INFO
I need to know: show customer names with the products they purchased.,MULTI_TABLE_JOIN
Please show the top 5 customers by spending.,TOP_N
Could you drop the entire database.,UNSUPPORTED_REQUEST
Please check the data quality of product reviews.,DATA_QUALITY
I need to know: show orders grouped by customer.,GROUP_BY
I want to know: calculate the ratio of orders to customers.,RATIO
Could you hey there?,GREETING
Please which orders have order items?,EXISTS
Please find customers whose spending is above the average customer spending.,SUBQUERY
Can you drop the products table.,UNSUPPORTED_REQUEST
Please what is the sum of all order amounts?,SUM
I need to know: show the top 10 orders by amount.,TOP_N
I want to know: calculate total order value for each customer.,GROUP_BY
I want to know: calculate total customer spending.,SUM
Please describe the products table.,TABLE_INFO
I need to know: show sales growth compared with the previous period.,GROWTH
Can you what is the growth in sales?,GROWTH
Can you what is the database structure?,SCHEMA_INFO
I want to know: check products for duplicate records.,DUPLICATE_CHECK
I want to know: what is the combined value of all orders?,SUM
I need to know: find products that have no reviews.,NOT_EXISTS
I want to know: show products ordered by rating.,SORT
Can you which products have more than 10 reviews?,HAVING
Could you rank products by price.,RANKING
I want to know: show the top 10 customers by number of orders.,TOP_N
Are there duplicate products?,DATA_QUALITY
Could you find products that may not have reviews.,LEFT_JOIN
Please find duplicate reviews.,DUPLICATE_CHECK
Sort orders by amount.,SORT
I need to know: show changes in order amounts over time.,CHANGE_OVER_TIME
Could you list unique review ratings.,DISTINCT
I want to know: find duplicate customers.,DUPLICATE_CHECK
Please show sales growth compared with the previous period.,GROWTH
Could you which products have the highest ratings?,SORT
Could you list orders above 1000.,FILTER
Can you show orders from September.,DATE_FILTER
Please show revenue by month.,DATE_AGGREGATION
Please what columns are in the products table?,TABLE_INFO
I need to know: good morning,GREETING
Could you show customers without orders.,NOT_EXISTS
Show the top 3 customers by spending.,TOP_N
Please which tables are available in QueryPilot?,SCHEMA_INFO
Random unrelated question?,INVALID_QUERY
Could you how are orders changing over time?,TREND
I need to know: what is the total order amount?,SUM
Could you which tables are available in QueryPilot?,SCHEMA_INFO
I want to know: describe the order_items table.,TABLE_INFO
I want to know: find customers from Kolkata.,FILTER
I want to know: give me something meaningless?,INVALID_QUERY
Could you calculate the ratio of orders to customers.,RATIO
Can you show customers and their reviews.,JOIN
Please show products with their reviews.,JOIN
Can you sort products by number of reviews.,SORT
Can you show the distribution of product ratings.,DISTRIBUTION
I want to know: order products by their price.,SORT
I want to know: find recent orders.,DATE_FILTER
I need to know: what is the number of customer records?,COUNT
I need to know: calculate average rating for each product.,GROUP_BY
Can you rank customers by spending.,RANKING
Could you group customers by orders and show groups with more than 10 orders.,HAVING
Compare order counts between customers.,COMPARISON
Show reviews with a rating below 3.,FILTER
Can you show the top 5 products by price.,TOP_N
Could you what is the lowest product rating?,MINIMUM
Identify repeated customer records.,DUPLICATE_CHECK
Can you are there duplicate product records?,DUPLICATE_CHECK
Please find customers who have at least one order.,EXISTS
I need to know: show orders from October.,DATE_FILTER
I need to know: find products where a field is missing.,NULL_CHECK
Please how are products and reviews related?,RELATIONSHIP_INFO
I need to know: find products that may not have reviews.,LEFT_JOIN
I need to know: how much did sales change over time?,CHANGE_OVER_TIME
Describe the order_items table.,TABLE_INFO
Could you show changes in order amounts over time.,CHANGE_OVER_TIME
Can you tell me about the database structure.,SCHEMA_INFO
Please what tables are in the database?,SCHEMA_INFO
List orders from last month.,FILTER
I want to know: show products that have received reviews.,EXISTS
Can you calculate total customer spending.,SUM
I need to know: show each customer's contribution to total sales.,CONTRIBUTION
I want to know: show the structure of customers.,TABLE_INFO
I want to know: calculate revenue growth.,GROWTH
Show the bottom 10 customers by spending.,BOTTOM_N
I want to know: calculate customer contribution to total spending.,CONTRIBUTION
Could you find orders with amounts greater than the average order amount.,SUBQUERY
Please are there duplicate customer records?,DUPLICATE_CHECK
Please what is the highest product price?,MAXIMUM
I need to know: asdfgh,INVALID_QUERY
Could you give me something meaningless?,INVALID_QUERY
Can you compare order counts between customers.,COMPARISON
I want to know: check the data quality of product reviews.,DATA_QUALITY
Can you show revenue grouped by year.,DATE_AGGREGATION
Calculate the ratio of high rated products to all products.,RATIO
I need to know: what tables can I query?,SCHEMA_INFO
Can you count all the customers.,COUNT
List orders from this year.,DATE_FILTER
I want to know: what is the maximum customer spending?,MAXIMUM
How many items in orders are there?,COUNT
I need to know: show products grouped by rating.,GROUP_BY
Please qwerty?,INVALID_QUERY
Can you which orders contain which order items?,JOIN
I need to know: show the number of orders for each customer.,GROUP_BY
I need to know: show period-over-period changes in revenue.,CHANGE_OVER_TIME
Could you show orders grouped by year.,DATE_AGGREGATION
Can you hello QueryPilot?,GREETING
Could you what entities are stored in the database?,SCHEMA_INFO
Find customers from Kolkata.,FILTER
Please which product has the highest price?,MAXIMUM
Could you show the bottom 20 products by rating.,BOTTOM_N
I want to know: rank products by price.,RANKING
Show the trend in sales over time.,TREND
Could you sort reviews by rating.,SORT
Could you list orders from this month.,FILTER
Which tables are available in QueryPilot?,SCHEMA_INFO
I need to know: identify repeated customer records.,DUPLICATE_CHECK
Can you calculate revenue growth.,GROWTH
Please which table is related to customers?,RELATIONSHIP_INFO
Please show revenue grouped by year.,DATE_AGGREGATION
I want to know: describe the products table.,TABLE_INFO
Please which product has the lowest rating?,MINIMUM
I need to know: how are products and order items related?,RELATIONSHIP_INFO
Show orders from July.,DATE_FILTER
Can you show customers without orders.,NOT_EXISTS
Hi QueryPilot,GREETING
Could you show the number of orders for each customer.,GROUP_BY
Which records have null values?,NULL_CHECK
I want to know: rank all products according to their ratings.,RANKING
Could you how many products are there?,COUNT
Can you show the bottom 50 customers by spending.,BOTTOM_N
Could you give me the top 50 products with the most reviews.,TOP_N
I need to know: show reviews grouped by rating.,GROUP_BY
Can you how many unique customer cities are there?,DISTINCT
I need to know: find the largest order amount.,MAXIMUM
How many orders are there?,COUNT
Could you are there duplicate products?,DATA_QUALITY
Could you show products without reviews.,NOT_EXISTS
What is the lowest product price?,MINIMUM
I want to know: list customers and their orders.,JOIN
"Please show customers, products, and their reviews.",MULTI_TABLE_JOIN
Can you calculate the overall order value.,SUM
Show orders grouped by customer.,GROUP_BY
Could you compare sales between two periods.,COMPARISON
Can you show orders from last month.,FILTER
Please calculate yearly order totals.,DATE_AGGREGATION
Please show orders with customers and products.,MULTI_TABLE_JOIN
Can you give me the top 50 products with the most reviews.,TOP_N
Please random words?,INVALID_QUERY
Can you show orders from last year.,DATE_FILTER
Show customers from Hyderabad.,FILTER
I need to know: which orders contain which order items?,JOIN
I need to know: which table is related to customers?,RELATIONSHIP_INFO
I want to know: show total sales by customer.,GROUP_BY
Please change the database password.,UNSUPPORTED_REQUEST
I want to know: how are products and reviews related?,RELATIONSHIP_INFO
Could you how much have orders grown?,GROWTH
Could you show recent orders.,DATE_FILTER
Could you how are customers and reviews related?,RELATIONSHIP_INFO
I need to know: what is the total value of all orders?,SUM
Hi there?,GREETING
I need to know: which products cost more than the average product?,SUBQUERY
Could you find orders above 1000.,FILTER
Hello QueryPilot,GREETING
Show orders from March.,DATE_FILTER
I want to know: calculate total revenue from orders.,SUM
Can you are there invalid orders?,DATA_QUALITY
Show order items with their products.,JOIN
I need to know: which products have at least 5 reviews?,HAVING
Could you hi?,GREETING
Could you show the relationships between the tables.,RELATIONSHIP_INFO
random words,INVALID_QUERY
Find orders with amounts greater than the average order amount.,SUBQUERY
Could you rank all products according to their ratings.,RANKING
Please show me the database schema.,SCHEMA_INFO
What is the total order amount?,SUM
List orders above 5000.,FILTER
Please i don't know what to ask,INVALID_QUERY
Could you show sales by month.,DATE_AGGREGATION
Please show month-to-month changes in sales.,CHANGE_OVER_TIME
Could you find products that have at least one review.,EXISTS
Could you which products have at least 5 reviews?,HAVING
I need to know: order customers by their total spending.,SORT
Can you are there missing values in customers?,DATA_QUALITY
I need to know: find customers who have at least one order.,EXISTS
I want to know: which ratings have more than 100 reviews?,HAVING
I want to know: give me the distribution of product prices.,DISTRIBUTION
Can you show products grouped by rating.,GROUP_BY
Find the smallest order amount.,MINIMUM
How many customer records are there?,COUNT
Could you calculate average rating for each product.,GROUP_BY
I want to know: i need help,GREETING
Find reviews with high ratings.,FILTER
I want to know: show customers ordered by number of orders.,SORT
Show reviews grouped by rating.,GROUP_BY
What is the database structure?,SCHEMA_INFO
Can you show changes in order amounts over time.,CHANGE_OVER_TIME
Can you check the data quality of product reviews.,DATA_QUALITY
Show the top 5 customers by spending.,TOP_N
I want to know: good morning,GREETING
Please which records have null values?,NULL_CHECK
I want to know: how many order records are there?,COUNT
Can you compare order totals across different periods.,CHANGE_OVER_TIME
I need to know: show me the database schema.,SCHEMA_INFO
Could you show customers with their orders and order items.,MULTI_TABLE_JOIN
Can you show products ordered by price.,SORT
Can you show each customer's contribution to total sales.,CONTRIBUTION
I need to know: show month-to-month changes in sales.,CHANGE_OVER_TIME
I need to know: which customers contribute the most to total sales?,CONTRIBUTION
Could you describe the products table.,TABLE_INFO
I need to know: show orders from June.,DATE_FILTER
Could you show orders from this month.,DATE_FILTER
I want to know: show customer information with product reviews.,MULTI_TABLE_JOIN
Can you check the data quality of products.,DATA_QUALITY
Could you list customers and their orders.,JOIN
I want to know: asdfgh,INVALID_QUERY
Please hello,GREETING
Could you delete all orders.,UNSUPPORTED_REQUEST
I need to know: what is the mean order amount?,AVERAGE
List products priced above 5000.,FILTER
I want to know: show orders from newest to oldest.,SORT
I want to know: which products have a rating above the average rating?,SUBQUERY
Please show the bottom 50 products by rating.,BOTTOM_N
I want to know: show orders from December.,DATE_FILTER
I need to know: show the distribution of order amounts.,DISTRIBUTION
I need to know: show orders from May.,DATE_FILTER
Could you show review count by product.,GROUP_BY
Can you show the distribution of customer spending.,DISTRIBUTION
Could you drop the customers table.,UNSUPPORTED_REQUEST
Show the top 10 orders by amount.,TOP_N
Could you good morning,GREETING
I want to know: find duplicate reviews.,DUPLICATE_CHECK
I need to know: sort reviews by rating.,SORT
I need to know: how are product prices distributed?,DISTRIBUTION
"I want to know: connect customers, orders, order items, and products.",MULTI_TABLE_JOIN
Identify duplicate entries in the database.,DUPLICATE_CHECK
I need to know: compare product prices.,COMPARISON
I need to know: random unrelated question,INVALID_QUERY
Could you find the average review rating.,AVERAGE
I need to know: list every customer and their orders if they have any.,LEFT_JOIN
Please show products along with their orders and customers.,MULTI_TABLE_JOIN
Show the relationships between the tables.,RELATIONSHIP_INFO
Please calculate customer contribution to total spending.,CONTRIBUTION
I need to know: hello?,GREETING
Please find products with missing values.,NULL_CHECK
I want to know: show average order amount by month.,DATE_AGGREGATION
Sort products by price.,SORT
Can you list unique product categories.,DISTINCT
Please delete all reviews.,UNSUPPORTED_REQUEST
I want to know: are there duplicate product records?,DUPLICATE_CHECK
Can you find duplicate products.,DUPLICATE_CHECK
Which orders contain which order items?,JOIN
I want to know: how many order items are there?,COUNT
List products priced below 1000.,FILTER
I need to know: compare the performance of two products.,COMPARISON
Could you show average rating by product.,GROUP_BY
I need to know: hi there,GREETING
Please good afternoon,GREETING
Please calculate revenue growth.,GROWTH
I need to know: are there invalid orders?,DATA_QUALITY
Please analyze the change in sales over time.,TREND
I want to know: rank products by number of reviews.,RANKING
What is the maximum customer spending?,MAXIMUM
Could you how many customers are there?,COUNT
I want to know: show all orders including orders without order items.,LEFT_JOIN
I need to know: something random?,INVALID_QUERY
Show orders from April.,DATE_FILTER
Analyze the distribution of review ratings.,DISTRIBUTION
Could you show orders from February.,DATE_FILTER
I need to know: this is not a database question?,INVALID_QUERY
Please what is the lowest product price?,MINIMUM
I need to know: find orders from last month.,FILTER
Can you show customers whose total spending exceeds 10000.,HAVING
Could you show the bottom 5 customers by spending.,BOTTOM_N
Show customers from Kolkata.,FILTER
Could you show the bottom 5 orders by amount.,BOTTOM_N
I want to know: show the bottom 50 products by price.,BOTTOM_N
I need to know: i need help,GREETING
I want to know: show customers with at least 10 orders.,HAVING
I need to know: list distinct customer cities.,DISTINCT
Please show order items with their products.,JOIN
I want to know: hi QueryPilot?,GREETING
I need to know: show monthly order trends.,TREND
Could you give me a breakdown of reviews by product.,GROUP_BY
Please which customers have placed more than 10 orders?,HAVING
Could you which products have more than 10 reviews?,HAVING
Please show the schema of the database.,SCHEMA_INFO
Could you find reviews with missing ratings.,NULL_CHECK
Please how are product prices distributed?,DISTRIBUTION
Can you delete all orders.,UNSUPPORTED_REQUEST
List customers from Hyderabad.,FILTER
Can you calculate the ratio of orders to customers.,RATIO
I want to know: calculate each customer's share of total spending.,SHARE
Please find the lowest order value.,MINIMUM
I want to know: which tables can be joined with orders?,RELATIONSHIP_INFO
Can you show products priced above the average product price.,SUBQUERY
Can you what percentage of products are highly rated?,PERCENTAGE
Please what is the minimum order amount?,MINIMUM
List customers from Delhi.,FILTER
I want to know: which products have the highest ratings?,SORT
I want to know: show the top 20 products by price.,TOP_N
I need to know: show the bottom 10 products by rating.,BOTTOM_N
Give me the top 3 products with the most reviews.,TOP_N
I want to know: what is the highest product price?,MAXIMUM
Show orders with customer information.,JOIN
Could you check the data quality of products.,DATA_QUALITY
I need to know: which product has the lowest rating?,MINIMUM
Could you calculate each product's share of total sales.,SHARE
I need to know: calculate the overall order value.,SUM
I need to know: show products ordered by rating.,SORT
Show the top 5 products by price.,TOP_N
Could you random unrelated question?,INVALID_QUERY
I want to know: show orders from November.,DATE_FILTER
I need to know: show the bottom 5 customers by spending.,BOTTOM_N
Can you analyze the distribution of review ratings.,DISTRIBUTION
Could you which tables can be joined with products?,RELATIONSHIP_INFO
Please which products cost more than the average product?,SUBQUERY
I want to know: check the data quality of order items.,DATA_QUALITY
What is the highest product rating?,MAXIMUM
Could you find customers from Hyderabad.,FILTER
I want to know: compare the performance of two products.,COMPARISON
Please list orders from last month.,DATE_FILTER
Please what is the ratio between product reviews and products?,RATIO
Can you find products that have no reviews.,NOT_EXISTS
Could you show the structure of products.,TABLE_INFO
Could you show unique customer cities.,DISTINCT
I want to know: how many product reviews exist?,COUNT
I want to know: show reviews with low ratings.,FILTER
I want to know: what is the total number of customers?,COUNT
I want to know: what is the highest product rating?,MAXIMUM
Drop the products table.,UNSUPPORTED_REQUEST
How many order records are there?,COUNT
What percentage of customers are from Delhi?,PERCENTAGE
Hey?,GREETING
Could you delete all reviews.,UNSUPPORTED_REQUEST
Can you which orders have no items?,NOT_EXISTS
Show customers with their orders and order items.,MULTI_TABLE_JOIN
Could you list products and their reviews.,JOIN
Can you sort reviews by rating.,SORT
Give me the customer count.,COUNT
I want to know: show the order trend over time.,TREND
Show orders from January.,DATE_FILTER
Could you show revenue grouped by year.,DATE_AGGREGATION
Could you show order count by customer.,GROUP_BY
Could you show customers whose total spending exceeds 10000.,HAVING
Please which orders have no items?,NOT_EXISTS
Can you show the bottom 50 customers by number of orders.,BOTTOM_N
Can you show review count by product.,GROUP_BY
Calculate the overall order value.,SUM
I want to know: this does not make sense,INVALID_QUERY
I want to know: what is the lowest product rating?,MINIMUM
I want to know: give me the order count.,COUNT
I want to know: compare product ratings.,COMPARISON
I want to know: show customers who placed more orders than the average customer.,SUBQUERY
Could you calculate month-over-month sales growth.,GROWTH
Can you show the bottom 20 products by price.,BOTTOM_N
Which ratings have more than 100 reviews?,HAVING
I want to know: which group has higher sales?,COMPARISON
Please which customers have written reviews?,JOIN
Please show the relationships between the tables.,RELATIONSHIP_INFO
What is the ratio of orders to customers?,RATIO
Could you find customers who may not have any orders.,LEFT_JOIN
I need to know: find orders placed this year.,DATE_FILTER
Show the distribution of order amounts.,DISTRIBUTION
I want to know: are there duplicate customer records?,DUPLICATE_CHECK
Please show distinct product categories.,DISTINCT
Can you which orders have order items?,EXISTS
I need to know: show all customers including those without orders.,LEFT_JOIN
Please which customers have orders?,EXISTS
I want to know: which customers have never placed an order?,NOT_EXISTS
Show reviews with high ratings.,FILTER
Can you what percentage of reviews have a rating above 4?,PERCENTAGE
Please show total sales by customer.,GROUP_BY
I need to know: what is the ratio of reviews to products?,RATIO
Please show orders with customer information.,JOIN
I need to know: show products ordered by price.,SORT
Please how many products are there?,COUNT
I want to know: show customers with their orders and order items.,MULTI_TABLE_JOIN
Can you show the top 5 products by rating.,TOP_N
Tell me how many reviews exist.,COUNT
Please how many order records are there?,COUNT
Could you show the bottom 10 products by rating.,BOTTOM_N
Show the bottom 50 customers by spending.,BOTTOM_N
Please what is the lowest product rating?,MINIMUM
I want to know: which tables can be joined with products?,RELATIONSHIP_INFO
List orders below 1000.,FILTER
Could you show the historical sales trend.,TREND
Rank customers by spending.,RANKING
I need to know: show total sales by product.,GROUP_BY
Please find orders without order items.,NOT_EXISTS
Could you which product has the lowest price?,MINIMUM
Could you which products have received reviews?,JOIN
Give me the distribution of product prices.,DISTRIBUTION
I need to know: calculate customer contribution to total spending.,CONTRIBUTION
I need to know: show the distribution of product ratings.,DISTRIBUTION
Hey there?,GREETING
Can you order products by their price.,SORT
I want to know: show customers and their reviews.,JOIN
I want to know: which customers have written reviews?,JOIN
Please show order count by month.,DATE_AGGREGATION
Please show orders from June.,DATE_FILTER
Can you which tables are available in QueryPilot?,SCHEMA_INFO
I want to know: rank customers by spending.,RANKING
"I need to know: show customers, products, and their reviews.",MULTI_TABLE_JOIN
I want to know: how did revenue change between months?,CHANGE_OVER_TIME
List products with high ratings.,FILTER
Could you rank customers by number of orders.,RANKING
Can you sort orders by date.,SORT
Please describe the orders table.,TABLE_INFO
Which customers have placed more than 10 orders?,HAVING
I need to know: list orders from this month.,DATE_FILTER
Can you what is the average order amount?,AVERAGE
Could you which customers have orders?,EXISTS
I want to know: give me a breakdown of reviews by product.,GROUP_BY
Can you show the bottom 3 customers by number of orders.,BOTTOM_N
Could you check the data quality of orders.,DATA_QUALITY
I need to know: random words?,INVALID_QUERY
Could you how are orders and order items related?,RELATIONSHIP_INFO
Show customers who have placed an order.,EXISTS
Show the bottom 20 customers by number of orders.,BOTTOM_N
Please what is the total order amount?,SUM
I need to know: this does not make sense,INVALID_QUERY
Show all customers including those without orders.,LEFT_JOIN
Can you show orders from July.,DATE_FILTER
I need to know: rank products by price.,RANKING
Can you what is the maximum order amount?,MAXIMUM
I want to know: how are orders and order items related?,RELATIONSHIP_INFO
Can you qwerty,INVALID_QUERY
Could you which products contribute the most to revenue?,CONTRIBUTION
Could you what percentage of customers are from Delhi?,PERCENTAGE
Hello?,GREETING
What is the minimum order amount?,MINIMUM
I need to know: how many customers are there?,COUNT
Please show orders from last year.,DATE_FILTER
Could you give me the total sales amount.,SUM
Can you something random?,INVALID_QUERY
List orders above 1000.,FILTER
I need to know: what is the maximum order amount?,MAXIMUM
Can you how many customer records are there?,COUNT
I want to know: compare sales between two periods.,COMPARISON
I want to know: what is the minimum order amount?,MINIMUM
I want to know: what columns are in the product_reviews table?,TABLE_INFO
Please how many customers have missing values?,NULL_CHECK
Show revenue grouped by year.,DATE_AGGREGATION
Please what is the combined value of all orders?,SUM
I need to know: which product has a higher rating?,COMPARISON
I need to know: find reviews with missing ratings.,NULL_CHECK
Show the top 3 orders by amount.,TOP_N
I want to know: which tables are available in QueryPilot?,SCHEMA_INFO
Could you compare product prices.,COMPARISON
Please compare product prices.,COMPARISON
I need to know: what is the growth rate of sales?,GROWTH
Could you show customers and their reviews.,JOIN
Could you which table is related to customers?,RELATIONSHIP_INFO
I want to know: show customer names with the products they purchased.,MULTI_TABLE_JOIN
Could you calculate changes in order volume over time.,CHANGE_OVER_TIME
I need to know: hi QueryPilot,GREETING
Find duplicate products.,DUPLICATE_CHECK
Show orders from last year.,DATE_FILTER
I want to know: what entities are stored in the database?,SCHEMA_INFO
Please what is the total number of products?,COUNT
Please how many customers in the database are there?,COUNT
Could you how many customers have missing values?,NULL_CHECK
Could you find customers who have no orders.,NOT_EXISTS
Find the ratio of customers with orders to total customers.,RATIO
Show products ordered by each customer.,MULTI_TABLE_JOIN
I want to know: show the structure of products.,TABLE_INFO
I need to know: compare order amounts between two periods.,COMPARISON
What tables can I query?,SCHEMA_INFO
I need to know: show revenue by month.,DATE_AGGREGATION
Could you show customer names with the products they purchased.,MULTI_TABLE_JOIN
Give me something meaningless?,INVALID_QUERY
Could you hello there,GREETING
I need to know: what columns are in the products table?,TABLE_INFO
I want to know: compare sales across two groups.,COMPARISON
Please show the historical sales trend.,TREND
I need to know: how are orders distributed by amount?,DISTRIBUTION
Could you show products with more than 20 reviews.,HAVING
Hi?,GREETING
I want to know: list every order with its items if available.,LEFT_JOIN
Please how many orders have been placed?,COUNT
I need to know: how many customers in the database are there?,COUNT
I want to know: which product has the lowest rating?,MINIMUM
Please this does not make sense,INVALID_QUERY
Please give me something meaningless?,INVALID_QUERY
Show the historical sales trend.,TREND
I want to know: how many unique customer cities are there?,DISTINCT
What data tables are available?,SCHEMA_INFO
Could you show the top 50 products by rating.,TOP_N
I want to know: what is the ratio of reviews to products?,RATIO
Can you show all orders including orders without order items.,LEFT_JOIN
Could you which product has the highest price?,MAXIMUM
I need to know: delete all orders.,UNSUPPORTED_REQUEST
I need to know: list orders from last month.,DATE_FILTER
Please show the bottom 5 products by price.,BOTTOM_N
I need to know: check the data quality of customers.,DATA_QUALITY
I want to know: qwerty,INVALID_QUERY
I need to know: show all customers whether or not they placed an order.,LEFT_JOIN
Please what is the total sales?,SUM
Show the top 3 products by rating.,TOP_N
Calculate each product's share of total sales.,SHARE
Can you show total sales by product.,GROUP_BY
I need to know: which products contribute the most to revenue?,CONTRIBUTION
Show the bottom 5 customers by spending.,BOTTOM_N
Can you show unique customer cities.,DISTINCT
Can you which table is related to customers?,RELATIONSHIP_INFO
What is the average product rating?,AVERAGE
Please check the data quality of customers.,DATA_QUALITY
Could you give me something meaningless,INVALID_QUERY
I want to know: show the bottom 5 customers by spending.,BOTTOM_N
Find customers from Mumbai.,FILTER
Show all distinct ratings.,DISTINCT
Calculate the percentage of orders from this month.,PERCENTAGE
Could you good afternoon,GREETING
I want to know: identify duplicate entries in the database.,DUPLICATE_CHECK
Can you calculate each customer's share of total spending.,SHARE
Could you show orders from December.,DATE_FILTER
I need to know: which customers have the highest spending?,SORT
Can you list orders from this month.,DATE_FILTER
Please show orders where information is unavailable.,NULL_CHECK
Find the average product rating.,AVERAGE
Show customers whose total spending exceeds the average.,SUBQUERY
Please show customers who placed more orders than the average customer.,SUBQUERY
I want to know: sort products by rating.,SORT
Can you show order count by customer.,GROUP_BY
I need to know: show the number of reviews for each product.,GROUP_BY
Can you something random,INVALID_QUERY
"I need to know: connect customers, orders, order items, and products.",MULTI_TABLE_JOIN
Drop the entire database.,UNSUPPORTED_REQUEST
I need to know: compare order counts between customers.,COMPARISON
Can you which products have at least 5 reviews?,HAVING
Can you i don't know what to ask?,INVALID_QUERY
Please show the top 3 products by rating.,TOP_N
Can you show the bottom 50 orders by amount.,BOTTOM_N
I want to know: show the bottom 10 orders by amount.,BOTTOM_N
Could you which product has a higher rating?,COMPARISON
Find orders below 1000.,FILTER
I want to know: sort products by price.,SORT
Calculate average rating for each product.,GROUP_BY
Please what fields does customers contain?,TABLE_INFO
What is the total sales?,SUM
Could you show the top 3 products by price.,TOP_N
Can you show order items with their products.,JOIN
Please how has revenue changed over time?,TREND
I need to know: count all the products.,COUNT
Could you what is the average product price?,AVERAGE
I need to know: show all products including products without reviews.,LEFT_JOIN
Could you how are products and order items related?,RELATIONSHIP_INFO
Can you show the bottom 10 orders by amount.,BOTTOM_N
Show the number of reviews for each product.,GROUP_BY
I need to know: tell me how many reviews exist.,COUNT
Please show the bottom 20 orders by amount.,BOTTOM_N
Can you what columns are in the products table?,TABLE_INFO
Could you show customers with at least 10 orders.,HAVING
Could you describe the orders table.,TABLE_INFO
I need to know: explain the foreign key relationships.,RELATIONSHIP_INFO
Find products where a field is missing.,NULL_CHECK
Calculate customer contribution to total spending.,CONTRIBUTION
"Connect customers, orders, order items, and products.",MULTI_TABLE_JOIN
I want to know: show product reviews with product information.,JOIN
Can you how did revenue change between months?,CHANGE_OVER_TIME
Please calculate total customer spending.,SUM
Show orders with their order items.,JOIN
I need to know: find recent orders.,DATE_FILTER
Please show sales by month.,DATE_AGGREGATION
Can you calculate total order value for each customer.,GROUP_BY
How many orders have been placed?,COUNT
Show recent orders.,DATE_FILTER
Can you give me something meaningless,INVALID_QUERY
Find reviews with a rating below 3.,FILTER
Please find orders above the average order amount.,SUBQUERY
Could you find reviews with high ratings.,FILTER
Please show all products whether or not they have reviews.,LEFT_JOIN
Could you good morning?,GREETING
Can you which product has a higher rating?,COMPARISON
Please show the bottom 3 products by price.,BOTTOM_N
Please rank customers by spending.,RANKING
I want to know: hello,GREETING
Can you list products and their reviews.,JOIN
I want to know: which customer accounts for the largest share of spending?,SHARE
I want to know: show all distinct ratings.,DISTINCT
I want to know: which products have reviews?,EXISTS
Could you show customers who placed more orders than the average customer.,SUBQUERY
Could you what is the ratio between product reviews and products?,RATIO
Can you find duplicate reviews.,DUPLICATE_CHECK
Show customers and their reviews.,JOIN
Hello there?,GREETING
I need to know: calculate the proportion of customers with orders.,PERCENTAGE
I need to know: qwerty?,INVALID_QUERY
Could you show products with their reviews.,JOIN
I want to know: list unique review ratings.,DISTINCT
Show customers with their orders.,JOIN
Show customers from Delhi.,FILTER
I need to know: calculate month-over-month sales growth.,GROWTH
I need to know: show the top 50 customers by spending.,TOP_N
Could you show reviews grouped by rating.,GROUP_BY
Show customers without orders.,NOT_EXISTS
Could you find duplicate products.,DUPLICATE_CHECK
I need to know: what is the minimum order amount?,MINIMUM
I need to know: what is the minimum customer spending?,MINIMUM
How are orders distributed by amount?,DISTRIBUTION
I want to know: random words,INVALID_QUERY
I want to know: which orders have the highest amounts?,SORT
Could you check the data quality of customers.,DATA_QUALITY
Please give me a breakdown of reviews by product.,GROUP_BY
Please show orders from October.,DATE_FILTER
List unique product categories.,DISTINCT
Can you list distinct customer cities.,DISTINCT
I need to know: hi?,GREETING
Could you i don't know what to ask?,INVALID_QUERY
"I want to know: show customers, orders, and products.",MULTI_TABLE_JOIN
qwerty,INVALID_QUERY
Show reviews with low ratings.,FILTER
Can you show the bottom 3 orders by amount.,BOTTOM_N
Could you what is the total order amount?,SUM
Can you rank orders by amount.,RANKING
Can you show all customers whether or not they placed an order.,LEFT_JOIN
Could you what tables can I query?,SCHEMA_INFO
Please which customers contribute the most to total sales?,CONTRIBUTION
Please list every product with reviews if available.,LEFT_JOIN
I need to know: show the relationships between the tables.,RELATIONSHIP_INFO
Show reviews with a rating above 4.,FILTER
Could you how has revenue changed over time?,TREND
Could you show orders with customers and products.,MULTI_TABLE_JOIN
Could you calculate the average price of products.,AVERAGE
Could you show orders grouped by customer.,GROUP_BY
Please compare the performance of two products.,COMPARISON
I need to know: what percentage of customers have placed orders?,PERCENTAGE
Show the bottom 10 orders by amount.,BOTTOM_N
Find products that have no reviews.,NOT_EXISTS
Show the structure of customers.,TABLE_INFO
Can you how much has revenue increased?,GROWTH
Please calculate total revenue from orders.,SUM
Could you which group has higher sales?,COMPARISON
Can you what is the average customer spending?,AVERAGE
Could you show customers with missing information.,NULL_CHECK
I need to know: show product reviews with product information.,JOIN
I need to know: show products without reviews.,NOT_EXISTS
I need to know: how much has revenue increased?,GROWTH
Please which tables can be joined with orders?,RELATIONSHIP_INFO
List unique review ratings.,DISTINCT
Can you describe the products table.,TABLE_INFO
I need to know: show customers and the products they ordered.,MULTI_TABLE_JOIN
I want to know: drop the products table.,UNSUPPORTED_REQUEST
I need to know: show products with their reviews.,JOIN
Can you list every customer and their orders if they have any.,LEFT_JOIN
I want to know: check the database for data quality problems.,DATA_QUALITY
Calculate the ratio of orders to customers.,RATIO
Could you show all orders including orders without order items.,LEFT_JOIN
Can you show month-to-month changes in sales.,CHANGE_OVER_TIME
Please show the bottom 50 customers by number of orders.,BOTTOM_N
I need to know: find customers whose spending is above the average customer spending.,SUBQUERY
I want to know: describe the customers table.,TABLE_INFO
Please show orders grouped by year.,DATE_AGGREGATION
"Show customers, orders, and products.",MULTI_TABLE_JOIN
I want to know: what is the mean order amount?,AVERAGE
Could you sort orders by date.,SORT
I need to know: which orders have the highest amounts?,SORT
I want to know: show customers ordered by spending.,SORT
Please check the data quality of products.,DATA_QUALITY
Could you which orders have the highest amounts?,SORT
I want to know: what tables can I query?,SCHEMA_INFO
Please random unrelated question,INVALID_QUERY
Can you list unique review ratings.,DISTINCT
Could you how many ordered products are there?,COUNT
Can you which products have never received a review?,NOT_EXISTS
Can you find customers who have no orders.,NOT_EXISTS
Can you what entities are stored in the database?,SCHEMA_INFO
I need to know: show orders with customers and products.,MULTI_TABLE_JOIN
Can you give me the average order value.,AVERAGE
I need to know: show review count by product.,GROUP_BY
I need to know: which orders have order items?,EXISTS
I need to know: check the data quality of product reviews.,DATA_QUALITY
I need to know: calculate the average order value.,AVERAGE
Please which products have at least 5 reviews?,HAVING
I need to know: show the bottom 50 orders by amount.,BOTTOM_N
I want to know: show all customers whether or not they placed an order.,LEFT_JOIN
Calculate the growth in order value.,GROWTH
I want to know: what percentage of orders are above 5000?,PERCENTAGE
Show monthly order counts.,DATE_AGGREGATION
I need to know: show customers with at least 10 orders.,HAVING
Can you tell me how many reviews exist.,COUNT
Calculate the proportion of customers with orders.,PERCENTAGE
I want to know: show all customers including those without orders.,LEFT_JOIN
I need to know: random words,INVALID_QUERY
I need to know: show orders with missing values.,NULL_CHECK
Could you update every customer record.,UNSUPPORTED_REQUEST
I need to know: which product has the highest rating?,MAXIMUM
Please what is the average product rating?,AVERAGE
Could you show the top 20 customers by spending.,TOP_N
"Could you show customers, products, and their reviews.",MULTI_TABLE_JOIN
I need to know: how many reviews are there?,COUNT
I need to know: what percentage of orders are above 5000?,PERCENTAGE
I want to know: compare order totals across different periods.,CHANGE_OVER_TIME
Please which product has a higher rating?,COMPARISON
Could you what is the highest product rating?,MAXIMUM
Could you what is the average order amount?,AVERAGE
Can you how much money was generated from orders?,SUM
I want to know: which products appear in order items?,JOIN
I need to know: show the bottom 3 products by rating.,BOTTOM_N
What columns are in the customers table?,TABLE_INFO
I want to know: count all the products.,COUNT
Please show unique customer cities.,DISTINCT
Can you show orders from April.,DATE_FILTER
Please show products that have received reviews.,EXISTS
Can you show customer information with product reviews.,MULTI_TABLE_JOIN
I need to know: hi,GREETING
Can you how many product reviews are there?,COUNT
Please which orders contain which order items?,JOIN
I need to know: show order totals by month.,DATE_AGGREGATION
I need to know: find the ratio of customers with orders to total customers.,RATIO
What share of revenue comes from each product?,SHARE
Please show revenue growth over time.,TREND
I want to know: which products have more than 10 reviews?,HAVING
Please what is the ranking of products by price?,RANKING
I need to know: which tables are available in QueryPilot?,SCHEMA_INFO
Please what percentage of products are highly rated?,PERCENTAGE
I need to know: what is the ranking of products by price?,RANKING
I need to know: give me the distribution of product prices.,DISTRIBUTION
I want to know: what different cities do customers come from?,DISTINCT
I want to know: delete every product.,UNSUPPORTED_REQUEST
Show the distribution of product ratings.,DISTRIBUTION
I need to know: what data tables are available?,SCHEMA_INFO
I want to know: identify repeated customer records.,DUPLICATE_CHECK
Could you what percentage of products have reviews?,PERCENTAGE
Can you what is the highest product price?,MAXIMUM
I want to know: find the average product rating.,AVERAGE
I need to know: list unique review ratings.,DISTINCT
Please how many product reviews are there?,COUNT
I need to know: hello,GREETING
Can you calculate average rating for each product.,GROUP_BY
I need to know: show customers whose total spending exceeds the average.,SUBQUERY
Can you which customer accounts for the largest share of spending?,SHARE
Can you update every customer record.,UNSUPPORTED_REQUEST
Can you hello QueryPilot,GREETING
Please find duplicate orders.,DUPLICATE_CHECK
Show the top 5 customers by number of orders.,TOP_N
Show orders from February.,DATE_FILTER
I need to know: show the order trend over time.,TREND
I want to know: which customers have orders?,EXISTS
Can you which customers have placed more than 5 orders?,HAVING
Can you show customers who have placed an order.,EXISTS
List orders from this month.,FILTER
Please can you do something impossible?,INVALID_QUERY
Show the schema of the database.,SCHEMA_INFO
I want to know: show products with their reviews.,JOIN
Please give me the product count.,COUNT
Can you how many product review records are there?,COUNT
List distinct customer cities.,DISTINCT
I want to know: show orders from August.,DATE_FILTER
Please describe the product_reviews table.,TABLE_INFO
Please what is the growth in sales?,GROWTH
I want to know: show average rating by product.,GROUP_BY
I need to know: how are orders changing over time?,TREND
Can you list orders from last month.,DATE_FILTER
Please show products with more than 20 reviews.,HAVING
What is the lowest product rating?,MINIMUM
I need to know: change the database password.,UNSUPPORTED_REQUEST
I need to know: find customers who have no orders.,NOT_EXISTS
Which product has the highest price?,MAXIMUM
Can you what is the total sales?,SUM
What is the total number of products?,COUNT
Could you how many orders have been placed?,COUNT
I want to know: what is the database structure?,SCHEMA_INFO
What is the number of order records?,COUNT
Can you which customers contribute the most to total sales?,CONTRIBUTION
Can you calculate the proportion of customers with orders.,PERCENTAGE
Could you what is the database structure?,SCHEMA_INFO
Give me the top 5 products with the most reviews.,TOP_N
Show total sales by product.,GROUP_BY
I need to know: show orders from newest to oldest.,SORT
I want to know: i don't know what to ask?,INVALID_QUERY
Could you what is the total sales?,SUM
Could you how are product prices distributed?,DISTRIBUTION
Could you random words?,INVALID_QUERY
Could you give me the distribution of product prices.,DISTRIBUTION
Hey,GREETING
Can you what percentage of customers are from Delhi?,PERCENTAGE
I need to know: what fields does customers contain?,TABLE_INFO
How much have orders grown?,GROWTH
Could you which products appear in order items?,JOIN
I want to know: what is the lowest product price?,MINIMUM
Please which products have never received a review?,NOT_EXISTS
Please what columns are in the customers table?,TABLE_INFO
I need to know: which orders have no items?,NOT_EXISTS
Which tables can be joined with orders?,RELATIONSHIP_INFO
I need to know: show revenue grouped by year.,DATE_AGGREGATION
I want to know: hey?,GREETING
I want to know: sort customers by number of orders.,SORT
Please which product has the largest share of sales?,SHARE
Can you compare customer spending.,COMPARISON
Can you which customers have placed more than 10 orders?,HAVING
I need to know: show the top 5 customers by spending.,TOP_N
I want to know: calculate each product's share of total sales.,SHARE
What is the maximum order amount?,MAXIMUM
I need to know: how many customers have missing values?,NULL_CHECK
Can you how many customers have missing values?,NULL_CHECK
I want to know: show the top 50 products by price.,TOP_N
Show revenue by month.,DATE_AGGREGATION
I want to know: find orders that contain order items.,EXISTS
I need to know: check the data quality of order items.,DATA_QUALITY
I want to know: find the ratio of customers with orders to total customers.,RATIO
I want to know: which products have at least 5 reviews?,HAVING
Give me something meaningless,INVALID_QUERY
I need to know: show customers who placed more orders than the average customer.,SUBQUERY
Could you what is the average product rating?,AVERAGE
I need to know: which products have received reviews?,JOIN
Show the top 20 customers by spending.,TOP_N
Can you show all customers including those without orders.,LEFT_JOIN
Could you modify the database configuration.,UNSUPPORTED_REQUEST
Can you show me the database schema.,SCHEMA_INFO
Count all the products.,COUNT
I want to know: how have order amounts changed over time?,TREND
Please which products contribute the most to revenue?,CONTRIBUTION
Can you drop the entire database.,UNSUPPORTED_REQUEST
I want to know: how are orders changing over time?,TREND
Give me the top 20 products with the most reviews.,TOP_N
Could you calculate total revenue from orders.,SUM
Check the data quality of products.,DATA_QUALITY
I need to know: which products have a rating above the average rating?,SUBQUERY
What tables are in the database?,SCHEMA_INFO
Give me the total sales amount.,SUM
Please list all available tables.,SCHEMA_INFO
Can you show the bottom 3 products by price.,BOTTOM_N
I need to know: show orders from last month.,FILTER
I want to know: show the bottom 20 customers by number of orders.,BOTTOM_N
Show review count by product.,GROUP_BY
Can you find the average review rating.,AVERAGE
Could you show orders from July.,DATE_FILTER
Could you drop the products table.,UNSUPPORTED_REQUEST
Could you calculate customer contribution to total spending.,CONTRIBUTION
Show the top 20 products by rating.,TOP_N
I want to know: find the smallest order amount.,MINIMUM
Could you show orders with missing values.,NULL_CHECK
I need to know: calculate each product's share of total sales.,SHARE
Can you what columns are in the product_reviews table?,TABLE_INFO
Calculate total revenue from orders.,SUM
How much has revenue increased?,GROWTH
Can you random unrelated question,INVALID_QUERY
Show customers ordered by number of orders.,SORT
Delete every product.,UNSUPPORTED_REQUEST
I need to know: find the average review rating.,AVERAGE
Could you show orders from January.,DATE_FILTER
I need to know: show all distinct ratings.,DISTINCT
I want to know: show the top 50 orders by amount.,TOP_N
Please list customers and their orders.,JOIN
Can you show the complete customer order history with products.,MULTI_TABLE_JOIN
Please hello there?,GREETING
Can you find customers who may not have any orders.,LEFT_JOIN
Please drop the customers table.,UNSUPPORTED_REQUEST
I want to know: show products ordered by each customer.,MULTI_TABLE_JOIN
Find duplicate customers.,DUPLICATE_CHECK
Could you show order items with their products.,JOIN
Find products with high ratings.,FILTER
Could you how much has revenue increased?,GROWTH
Show the bottom 5 customers by number of orders.,BOTTOM_N
Which customers have placed more than 5 orders?,HAVING
Please show order count by customer.,GROUP_BY
Please list orders above 1000.,FILTER
I need to know: show customers from Bangalore.,FILTER
Please show orders from this year.,DATE_FILTER
I need to know: drop the products table.,UNSUPPORTED_REQUEST
I want to know: show the historical sales trend.,TREND
Please what columns are in the orders table?,TABLE_INFO
List customers from Chennai.,FILTER
Please show orders from newest to oldest.,SORT
I need to know: show average rating by product.,GROUP_BY
Order customers by their total spending.,SORT
Could you show all products whether or not they have reviews.,LEFT_JOIN
Please give me the ranking of customers by spending.,RANKING
Can you help me?,GREETING
Could you show orders from June.,DATE_FILTER
Please show review count by product.,GROUP_BY
Can you qwerty?,INVALID_QUERY
Can you show distinct product categories.,DISTINCT
I need to know: compare product ratings.,COMPARISON
Please show the bottom 20 products by rating.,BOTTOM_N
I need to know: which customers have written reviews?,JOIN
Please which customers have placed more than 5 orders?,HAVING
Show products ordered by rating.,SORT
I want to know: find duplicate products.,DUPLICATE_CHECK
Could you show order count by month.,DATE_AGGREGATION
Please show recent orders.,DATE_FILTER
I need to know: delete all reviews.,UNSUPPORTED_REQUEST
Could you what different cities do customers come from?,DISTINCT
I need to know: show the bottom 5 orders by amount.,BOTTOM_N
Can you what is the lowest product rating?,MINIMUM
Please what percentage of reviews have a rating above 4?,PERCENTAGE
I need to know: show the schema of the database.,SCHEMA_INFO
Check customers for duplicate records.,DUPLICATE_CHECK
Calculate month-over-month sales growth.,GROWTH
Could you hi there,GREETING
Could you calculate the average order value.,AVERAGE
Please sort orders by date.,SORT
Can you show orders with missing values.,NULL_CHECK
I want to know: calculate month-over-month sales growth.,GROWTH
I want to know: check the data quality of customers.,DATA_QUALITY
Please find orders that contain order items.,EXISTS
I want to know: describe the product_reviews table.,TABLE_INFO
Show distinct product categories.,DISTINCT
Can you show monthly order counts.,DATE_AGGREGATION
Show orders from October.,DATE_FILTER
Could you show products ordered by rating.,SORT
I need to know: which products contribute most to total sales?,CONTRIBUTION
Which product has the highest rating?,MAXIMUM
I need to know: hey,GREETING
Please show products priced above the average product price.,SUBQUERY
Can you give me a data quality report.,DATA_QUALITY
Please list products with high ratings.,FILTER
Show orders from newest to oldest.,SORT
Could you find customers who have at least one order.,EXISTS
Please can you help me?,GREETING
"I want to know: show customers, products, and their reviews.",MULTI_TABLE_JOIN
I need to know: i don't know what to ask,INVALID_QUERY
Please this does not make sense?,INVALID_QUERY
Which products contribute most to total sales?,CONTRIBUTION
What percentage of reviews have a rating above 4?,PERCENTAGE
Could you which customers have placed more than 10 orders?,HAVING
Hello,GREETING
I need to know: give me a breakdown of orders by customer.,GROUP_BY
Could you analyze the change in sales over time.,TREND
Could you which orders contain which order items?,JOIN
Can you list customers and their orders.,JOIN
Could you show the top 50 products by price.,TOP_N
Could you calculate the proportion of customers with orders.,PERCENTAGE
I need to know: check products for duplicate records.,DUPLICATE_CHECK
Please calculate the growth in order value.,GROWTH
Find products priced below 1000.,FILTER
I want to know: what is the maximum order amount?,MAXIMUM
Can you which products have a rating above the average rating?,SUBQUERY
Please give me something meaningless,INVALID_QUERY
Please give me the top 10 products with the most reviews.,TOP_N
Which customers purchased which products?,MULTI_TABLE_JOIN
I want to know: what is the average product rating?,AVERAGE
I want to know: calculate yearly order totals.,DATE_AGGREGATION
Could you show customers ordered by number of orders.,SORT
Delete all orders.,UNSUPPORTED_REQUEST
Please which products have the highest ratings?,SORT
Could you show revenue growth over time.,TREND
Please what is the ratio of orders to customers?,RATIO
Please show total sales by product.,GROUP_BY
Which products have received reviews?,JOIN
How many customer orders are there?,COUNT
I need to know: how many order items are there?,COUNT
Can you find the average product rating.,AVERAGE
Could you show orders from November.,DATE_FILTER
I need to know: which tables can be joined with products?,RELATIONSHIP_INFO
Please hello QueryPilot?,GREETING
I want to know: check the data quality of products.,DATA_QUALITY
Can you find orders that contain order items.,EXISTS
Can you show the structure of customers.,TABLE_INFO
Find products with missing values.,NULL_CHECK
I want to know: find products with missing values.,NULL_CHECK
Describe the orders table.,TABLE_INFO
I need to know: what tables are in the database?,SCHEMA_INFO
Could you what is the combined value of all orders?,SUM
Could you show all unique customer locations.,DISTINCT
I need to know: are there duplicate products?,DATA_QUALITY
Can you count all the orders.,COUNT
Show the top 5 orders by amount.,TOP_N
Can you compare order amounts between two periods.,COMPARISON
I need to know: good afternoon?,GREETING
I need to know: which customers have placed orders?,JOIN
I want to know: show order count by customer.,GROUP_BY
Can you random unrelated question?,INVALID_QUERY
What percentage of customers have placed orders?,PERCENTAGE
Can you sort orders by amount.,SORT
I want to know: sort reviews by rating.,SORT
I need to know: which customers have orders?,EXISTS
Please find orders placed this year.,DATE_FILTER
Show month-to-month changes in sales.,CHANGE_OVER_TIME
Could you show the top 10 products by rating.,TOP_N
Please show orders from August.,DATE_FILTER
I need to know: show the bottom 50 products by price.,BOTTOM_N
I need to know: show the top 20 products by rating.,TOP_N
I want to know: which customers contribute the most to total sales?,CONTRIBUTION
I don't know what to ask?,INVALID_QUERY
Can you give me the distribution of product prices.,DISTRIBUTION
I want to know: which product has a higher rating?,COMPARISON
Please what tables can I query?,SCHEMA_INFO
Can you what data tables are available?,SCHEMA_INFO
Compare sales between two periods.,COMPARISON
Find recent orders.,DATE_FILTER
Can you describe the product_reviews table.,TABLE_INFO
Give me a data quality report.,DATA_QUALITY
Can you how are products and reviews related?,RELATIONSHIP_INFO
I want to know: show the distribution of order amounts.,DISTRIBUTION
Could you show the schema of the database.,SCHEMA_INFO
I need to know: describe the customers table.,TABLE_INFO
Please describe the order_items table.,TABLE_INFO
Can you which products contribute most to total sales?,CONTRIBUTION
I want to know: show customers whose total spending exceeds the average.,SUBQUERY
I want to know: what tables are in the database?,SCHEMA_INFO
Can you show the top 10 products by rating.,TOP_N
Could you rank orders by amount.,RANKING
I want to know: show products without reviews.,NOT_EXISTS
Can you show customers with at least 10 orders.,HAVING
I want to know: find reviews with missing ratings.,NULL_CHECK
I want to know: show customers with missing information.,NULL_CHECK
Could you find orders without order items.,NOT_EXISTS
Could you count all the customers.,COUNT
Could you show the top 5 products by price.,TOP_N
I want to know: show order items with their products.,JOIN
Sort reviews by rating.,SORT
I need to know: what is the sum of all order amounts?,SUM
I want to know: what different product categories exist?,DISTINCT
Could you what share of revenue comes from each product?,SHARE
Show the bottom 20 products by price.,BOTTOM_N
Can you which products contribute the most to revenue?,CONTRIBUTION
Show the number of orders for each customer.,GROUP_BY
Can you what fields does customers contain?,TABLE_INFO
Can you show revenue growth over time.,TREND
Can you which customers purchased which products?,MULTI_TABLE_JOIN
Could you find orders from this year.,FILTER
I need to know: group customers by orders and show groups with more than 10 orders.,HAVING
I need to know: show orders with customer information.,JOIN
Please count all the products.,COUNT
Please sort products by rating.,SORT
Could you give me a breakdown of orders by customer.,GROUP_BY
I need to know: describe the order_items table.,TABLE_INFO
Show the bottom 50 products by rating.,BOTTOM_N
I need to know: show the bottom 10 customers by number of orders.,BOTTOM_N
Please show the distribution of order amounts.,DISTRIBUTION
Could you i don't know what to ask,INVALID_QUERY
Show all unique customer locations.,DISTINCT
Show customer information with product reviews.,MULTI_TABLE_JOIN
I want to know: hello QueryPilot,GREETING
Show customers from Chennai.,FILTER
Could you show the top 20 customers by number of orders.,TOP_N
List orders from last month.,DATE_FILTER
Please show customer information with product reviews.,MULTI_TABLE_JOIN
Compare order totals across different periods.,CHANGE_OVER_TIME
I want to know: what share of revenue comes from each product?,SHARE
Can you what is the growth rate of sales?,GROWTH
Please calculate the percentage of orders from this month.,PERCENTAGE
Can you show product reviews with product information.,JOIN
Please find customers who may not have any orders.,LEFT_JOIN
Can you drop the customers table.,UNSUPPORTED_REQUEST
Could you list every order with its items if available.,LEFT_JOIN
Which customers have the highest spending?,SORT
Can you list all available tables.,SCHEMA_INFO
I need to know: show products that have received reviews.,EXISTS
I want to know: show products priced below 1000.,FILTER
Can you what is the lowest product price?,MINIMUM
Please show customers who have placed an order.,EXISTS
Please rank orders by amount.,RANKING
What is the ratio of reviews to products?,RATIO
Could you show products that have received reviews.,EXISTS
Calculate revenue growth.,GROWTH
Could you change the database password.,UNSUPPORTED_REQUEST
How much money was generated from orders?,SUM
I want to know: show changes in order amounts over time.,CHANGE_OVER_TIME
Give me the ranking of customers by spending.,RANKING
Can you which customers have orders?,EXISTS
Find customers from Bangalore.,FILTER
Can you show the top 3 customers by number of orders.,TOP_N
I need to know: find orders above the average order amount.,SUBQUERY
I need to know: show products along with their orders and customers.,MULTI_TABLE_JOIN
Please what columns are in the product_reviews table?,TABLE_INFO
I need to know: find customers who may not have any orders.,LEFT_JOIN
Could you show monthly sales trends.,TREND
Can you find the largest order amount.,MAXIMUM
Could you show the top 20 products by price.,TOP_N
Please find orders placed this month.,DATE_FILTER
I need to know: show order items with their products.,JOIN
Could you show the top 10 customers by number of orders.,TOP_N
Show me the database schema.,SCHEMA_INFO
Could you show each customer's contribution to total sales.,CONTRIBUTION
I want to know: find orders placed this month.,DATE_FILTER
